regional_fuel_market,period,tier,unit_cost,max_avail_at_cost
AZ_APS_E-Bio_Solid,2050,1,1.93067175,699348
AZ_APS_E-Bio_Solid,2050,2,4.0294275,3882994
AZ_APS_E-Bio_Solid,2050,3,479.4935407499999,3884020
AZ_APS_E-Bio_Solid,2050,4,496.18227749999994,3908901
AZ_APS_E-Bio_Solid,2050,5,569.76382575,3919278
AZ_APS_E-Bio_Solid,2050,6,644.61457725,3927055
AZ_APS_E-Bio_Solid,2050,7,825.2191447499999,3957938
AZ_APS_N-Bio_Solid,2050,1,1.85918775,1006061
AZ_APS_N-Bio_Solid,2050,2,3.9240127499999997,7661864
AZ_APS_N-Bio_Solid,2050,3,285.986715,7682196
AZ_APS_N-Bio_Solid,2050,4,2984.5926022500003,7689600
AZ_APS_N-Bio_Solid,2050,5,3482.1188272499994,7692688
AZ_APS_N-Bio_Solid,2050,6,3983.2624807499997,7695003
AZ_APS_N-Bio_Solid,2050,7,5177.8823197500005,7704193
AZ_APS_SW-Bio_Solid,2050,1,1.21824675,3901
AZ_APS_SW-Bio_Solid,2050,2,1.68748125,5017556
AZ_APS_SW-Bio_Solid,2050,3,3.29393925,5875831
AZ_APS_SW-Bio_Solid,2050,4,6.677716499999999,6154823
AZ_APS_SW-Bio_Solid,2050,5,7.063029750000001,6276968
AZ_APS_SW-Bio_Solid,2050,6,8.040501,6281707
AZ_APS_SW-Bio_Solid,2050,7,8.3817405,6620194
AZ_APS_SW-Bio_Solid,2050,8,8.60983725,7835362
AZ_APS_SW-Bio_Solid,2050,9,16.6521495,8416736
AZ_NM_N-Bio_Solid,2050,1,1.9159402499999998,1202824
AZ_NM_N-Bio_Solid,2050,2,4.01385075,6728981
AZ_NM_N-Bio_Solid,2050,3,631.1253532500001,6758993
AZ_NM_N-Bio_Solid,2050,4,960.83673,6770886
AZ_NM_N-Bio_Solid,2050,5,1094.818032,6779089
AZ_NM_N-Bio_Solid,2050,6,1390.97394975,6811673
AZ_NW-Bio_Solid,2050,1,1.442238,71034
AZ_NW-Bio_Solid,2050,2,2.1742245000000002,97529
AZ_NW-Bio_Solid,2050,3,2.2297694999999997,150191
AZ_NW-Bio_Solid,2050,4,3.41034225,183619
AZ_NW-Bio_Solid,2050,5,3.725862,206600
AZ_NW-Bio_Solid,2050,6,3.74808,225403
AZ_NW-Bio_Solid,2050,7,3.7937234999999996,2210724
AZ_NW-Bio_Solid,2050,8,91.747299,2218401
AZ_PHX-Bio_Solid,2050,1,1.6797532499999999,815958
AZ_PHX-Bio_Solid,2050,2,1.94649,7416307
AZ_PHX-Bio_Solid,2050,3,2.41777725,16348680
AZ_PHX-Bio_Solid,2050,4,43.043994,16406542
AZ_PHX-Bio_Solid,2050,5,50.8253655,16407069
AZ_PHX-Bio_Solid,2050,6,52.2202695,17115236
AZ_SE-Bio_Solid,2050,1,1.68434175,909202
AZ_SE-Bio_Solid,2050,2,1.9991369999999997,3658730
AZ_SE-Bio_Solid,2050,3,2.677269,5485677
AZ_SE-Bio_Solid,2050,4,4.8425579999999995,5766947
AZ_SE-Bio_Solid,2050,5,5.204324999999999,10658769
AZ_SE-Bio_Solid,2050,6,23.81057175,11079285
CA_IID-Bio_Solid,2050,1,1.618533,71879
CA_IID-Bio_Solid,2050,2,2.4946949999999997,502039
CA_IID-Bio_Solid,2050,3,3.6467707499999995,2163323
CA_IID-Bio_Solid,2050,4,53050.99218825,2163335
CA_LADWP-Bio_Solid,2050,1,1.9114725,6091842
CA_LADWP-Bio_Solid,2050,2,2.396163,14393701
CA_LADWP-Bio_Solid,2050,3,133.33685925,14522073
CAN_ALB-Bio_Solid,2050,1,0.32530049999999994,3291004
CAN_ALB-Bio_Solid,2050,2,2.367183,8938037
CAN_ALB-Bio_Solid,2050,3,2.4142755,74258938
CAN_ALB-Bio_Solid,2050,4,3.26302725,225551177
CAN_ALB-Bio_Solid,2050,5,8.61370125,269466711
CAN_ALB-Bio_Solid,2050,6,14.78982225,270277569
CAN_ALB-Bio_Solid,2050,7,16.34049375,272710140
CAN_ALB-Bio_Solid,2050,8,18.166233749999996,359735312
CAN_ALB-Bio_Solid,2050,9,20.7354315,379959819
CAN_BC-Bio_Solid,2050,1,0.3518655,4634665
CAN_BC-Bio_Solid,2050,2,1.94033175,22656085
CAN_BC-Bio_Solid,2050,3,2.4517080000000004,78657585
CAN_BC-Bio_Solid,2050,4,4.431283499999999,265162834
CAN_BC-Bio_Solid,2050,5,136.14490049999998,267689692
CAN_BC-Bio_Solid,2050,6,166.77567374999998,269268977
CAN_BC-Bio_Solid,2050,7,221.98535099999998,271293858
CAN_BC-Bio_Solid,2050,8,296.79879074999997,271375875
CAN_BC-Bio_Solid,2050,9,403.0410405,274387511
CA_PGE_BAY-Bio_Solid,2050,1,2.0529915,16528688
CA_PGE_BAY-Bio_Solid,2050,2,9.09404475,19851940
CA_PGE_BAY-Bio_Solid,2050,3,1133.83803225,19887061
CA_PGE_BAY-Bio_Solid,2050,4,3040.6448729999997,19897359
CA_PGE_BAY-Bio_Solid,2050,5,3276.00002625,19905454
CA_PGE_BAY-Bio_Solid,2050,6,4001.3620604999996,19914607
CA_PGE_BAY-Bio_Solid,2050,7,5689.841912999999,19935881
CA_PGE_CEN-Bio_Solid,2050,1,1.436442,2888171
CA_PGE_CEN-Bio_Solid,2050,2,2.329026,50007421
CA_PGE_CEN-Bio_Solid,2050,3,8.121162,61208124
CA_PGE_CEN-Bio_Solid,2050,4,3936.1138319999995,61227325
CA_PGE_CEN-Bio_Solid,2050,5,4114.28540775,61242654
CA_PGE_CEN-Bio_Solid,2050,6,10209.075003749998,61251577
CA_PGE_CEN-Bio_Solid,2050,7,11051.16497625,61258591
CA_PGE_CEN-Bio_Solid,2050,8,13633.219341000002,61266521
CA_PGE_CEN-Bio_Solid,2050,9,19631.854625250002,61284954
CA_PGE_N-Bio_Solid,2050,1,1.16825625,3385782
CA_PGE_N-Bio_Solid,2050,2,1.7344529999999998,22219083
CA_PGE_N-Bio_Solid,2050,3,2.3970082500000003,65054307
CA_PGE_N-Bio_Solid,2050,4,3.4992142499999996,84726582
CA_PGE_N-Bio_Solid,2050,5,5.4857932499999995,119285443
CA_PGE_N-Bio_Solid,2050,6,85.7718645,119751314
CA_PGE_N-Bio_Solid,2050,7,1177.2902819999997,119781400
CA_PGE_N-Bio_Solid,2050,8,1227.7083577499998,119928212
CA_PGE_N-Bio_Solid,2050,9,1567.0058354999999,119970177
CA_PGE_N-Bio_Solid,2050,10,1710.26037525,120005470
CA_PGE_N-Bio_Solid,2050,11,1893.0017347499997,120036270
CA_PGE_N-Bio_Solid,2050,12,2100.4313977499996,120066568
CA_PGE_N-Bio_Solid,2050,13,2369.7358965,120091316
CA_PGE_N-Bio_Solid,2050,14,2685.4674419999997,120114109
CA_PGE_N-Bio_Solid,2050,15,3053.8349992499993,120135277
CA_PGE_N-Bio_Solid,2050,16,3472.5673814999996,120156299
CA_PGE_N-Bio_Solid,2050,17,3971.6586472500003,120175683
CA_PGE_N-Bio_Solid,2050,18,4573.6407465,120193243
CA_PGE_N-Bio_Solid,2050,19,5291.80414875,120209945
CA_PGE_N-Bio_Solid,2050,20,6164.454014249999,120294813
CA_PGE_S-Bio_Solid,2050,1,1.43559675,208299
CA_PGE_S-Bio_Solid,2050,2,1.9268077499999998,1100781
CA_PGE_S-Bio_Solid,2050,3,2.0785905,5051742
CA_PGE_S-Bio_Solid,2050,4,2.68584225,11844705
CA_PGE_S-Bio_Solid,2050,5,4.7378677499999995,11897210
CA_PGE_S-Bio_Solid,2050,6,5.3972835,17331070
CA_PGE_S-Bio_Solid,2050,7,1871.6157022499997,17343966
CA_SCE_CEN-Bio_Solid,2050,1,0.8012969999999999,47735
CA_SCE_CEN-Bio_Solid,2050,2,1.2641317499999998,481887
CA_SCE_CEN-Bio_Solid,2050,3,1.6506525,1630607
CA_SCE_CEN-Bio_Solid,2050,4,1.8750059999999997,3668111
CA_SCE_CEN-Bio_Solid,2050,5,2.12894325,8091736
CA_SCE_CEN-Bio_Solid,2050,6,2.70540375,11840985
CA_SCE_CEN-Bio_Solid,2050,7,2.75177175,19443012
CA_SCE_CEN-Bio_Solid,2050,8,4.201617,19836717
CA_SCE_CEN-Bio_Solid,2050,9,4.608423749999999,34107070
CA_SCE_CEN-Bio_Solid,2050,10,164.99654325,34171784
CA_SCE_CEN-Bio_Solid,2050,11,641.03868675,34188142
CA_SCE_S-Bio_Solid,2050,1,2.06663625,26427258
CA_SCE_S-Bio_Solid,2050,2,20.734465499999995,26913324
CA_SCE_S-Bio_Solid,2050,3,22.622633249999996,28235097
CA_SCE_SE-Bio_Solid,2050,1,1.620948,114746
CA_SCE_SE-Bio_Solid,2050,2,2.5322482500000003,609061
CA_SCE_SE-Bio_Solid,2050,3,3.7212734999999997,2233697
CA_SCE_SE-Bio_Solid,2050,4,6525.70879275,2233802
CA_SCE_VLY-Bio_Solid,2050,1,1.21824675,5022
CA_SCE_VLY-Bio_Solid,2050,2,1.68748125,180895
CA_SCE_VLY-Bio_Solid,2050,3,1.9510784999999997,1796827
CA_SCE_VLY-Bio_Solid,2050,4,2.3094645000000003,2815872
CA_SCE_VLY-Bio_Solid,2050,5,2.5266937499999997,10238612
CA_SCE_VLY-Bio_Solid,2050,6,8.30385675,10243624
CA_SCE_VLY-Bio_Solid,2050,7,10.647734999999999,11574675
CA_SCE_VLY-Bio_Solid,2050,8,237456.1759605,11574690
CA_SCE_VLY-Bio_Solid,2050,9,1899591.8904742498,11574692
CA_SDGE-Bio_Solid,2050,1,2.0592705,9350371
CA_SDGE-Bio_Solid,2050,2,6.18735075,10201742
CA_SDGE-Bio_Solid,2050,3,12.606783,11244896
CA_SMUD-Bio_Solid,2050,1,1.21824675,39716
CA_SMUD-Bio_Solid,2050,2,1.640268,142744
CA_SMUD-Bio_Solid,2050,3,1.6878434999999998,324802
CA_SMUD-Bio_Solid,2050,4,1.95965175,1941479
CA_SMUD-Bio_Solid,2050,5,2.61242625,3202008
CA_SMUD-Bio_Solid,2050,6,3.3121725,3944234
CA_SMUD-Bio_Solid,2050,7,5.5811857499999995,3993887
CA_SMUD-Bio_Solid,2050,8,7.36635375,4029880
CA_SMUD-Bio_Solid,2050,9,9.3511215,4610889
CA_SMUD-Bio_Solid,2050,10,233.8055685,4617093
CA_SMUD-Bio_Solid,2050,11,1143.7297515,4618331
CO_DEN-Bio_Solid,2050,1,1.61322,416964
CO_DEN-Bio_Solid,2050,2,1.9282567499999999,20649583
CO_DEN-Bio_Solid,2050,3,2.7696427499999996,30255548
CO_DEN-Bio_Solid,2050,4,25.871291249999995,31171247
CO_DEN-Bio_Solid,2050,5,37.25753325,31883682
CO_DEN-Bio_Solid,2050,6,81422.93708850001,31883693
CO_DEN-Bio_Solid,2050,7,202400.60590049997,31884048
CO_E-Bio_Solid,2050,1,0.9693809999999999,32897
CO_E-Bio_Solid,2050,2,1.92318525,28433722
CO_E-Bio_Solid,2050,3,5.0484367500000005,31152761
CO_E-Bio_Solid,2050,4,6.7583775,36735099
CO_E-Bio_Solid,2050,5,11.50783725,40326263
CO_E-Bio_Solid,2050,6,122.88425625,40678944
CO_E-Bio_Solid,2050,7,465.28512974999995,40694104
CO_E-Bio_Solid,2050,8,595.86007425,40753309
CO_E-Bio_Solid,2050,9,1499.09953725,40777516
CO_E-Bio_Solid,2050,10,1566.39278775,40794440
CO_E-Bio_Solid,2050,11,1777.7778585,40822154
CO_E-Bio_Solid,2050,12,2111.99151975,40844397
CO_E-Bio_Solid,2050,13,2588.82240225,40863129
CO_E-Bio_Solid,2050,14,3236.8372994999995,40929633
CO_NW-Bio_Solid,2050,1,1.866795,1890611
CO_NW-Bio_Solid,2050,2,3.96072075,12675304
CO_NW-Bio_Solid,2050,3,2045.846481,12697457
CO_NW-Bio_Solid,2050,4,2277.8031254999996,12715405
CO_NW-Bio_Solid,2050,5,3589.1554912499996,12732510
CO_SW-Bio_Solid,2050,1,1.8780247499999998,2798530
CO_SW-Bio_Solid,2050,2,4.15271325,12646857
CO_SW-Bio_Solid,2050,3,177.829008,12724554
CO_SW-Bio_Solid,2050,4,720.1941757499999,12753400
CO_SW-Bio_Solid,2050,5,754.5323362499998,12777783
CO_SW-Bio_Solid,2050,6,865.1335402499999,12794239
CO_SW-Bio_Solid,2050,7,1137.98410425,12813228
CO_SW-Bio_Solid,2050,8,1584.0593580000002,12858091
ID_E-Bio_Solid,2050,1,1.395387,45691
ID_E-Bio_Solid,2050,2,1.7878245,2473506
ID_E-Bio_Solid,2050,3,2.1689115,8884034
ID_E-Bio_Solid,2050,4,4.221057749999999,10668450
ID_E-Bio_Solid,2050,5,6.703919249999999,13388775
ID_E-Bio_Solid,2050,6,11.491656749999999,13986459
ID_E-Bio_Solid,2050,7,43.21775325,14135593
ID_E-Bio_Solid,2050,8,1118.1352192499999,14157123
ID_S_OR_E-Bio_Solid,2050,1,1.21824675,1850933
ID_S_OR_E-Bio_Solid,2050,2,1.63990575,9557911
ID_S_OR_E-Bio_Solid,2050,3,2.24921025,17755336
ID_S_OR_E-Bio_Solid,2050,4,2.4447045000000003,36107326
ID_S_OR_E-Bio_Solid,2050,5,4.91971725,39693221
ID_S_OR_E-Bio_Solid,2050,6,5.405373749999999,44107389
ID_S_OR_E-Bio_Solid,2050,7,6.651030749999999,52002254
ID_S_OR_E-Bio_Solid,2050,8,26.12486625,52078242
ID_S_OR_E-Bio_Solid,2050,9,31.34706225,53389223
ID_S_OR_E-Bio_Solid,2050,10,413.97072675,53614422
MEX_BAJA-Bio_Solid,2050,1,1.9170269999999998,721436
MEX_BAJA-Bio_Solid,2050,2,2.3881935000000003,1722484
MT_NE-Bio_Solid,2050,1,1.58194575,355068
MT_NE-Bio_Solid,2050,2,2.2600777499999998,1472954
MT_NE-Bio_Solid,2050,3,3.8455252499999997,7128476
MT_NE-Bio_Solid,2050,4,9.4172925,7136599
MT_NE-Bio_Solid,2050,5,10.387277249999999,9024351
MT_NE-Bio_Solid,2050,6,18.86682525,9497385
MT_NE-Bio_Solid,2050,7,28.58285325,10470801
MT_NE-Bio_Solid,2050,8,45.00267975,10717060
MT_NE-Bio_Solid,2050,9,50.2515615,10940005
MT_NE-Bio_Solid,2050,10,59.4034455,11127039
MT_NE-Bio_Solid,2050,11,65.156217,11299093
MT_NE-Bio_Solid,2050,12,70.80912825,11458851
MT_NE-Bio_Solid,2050,13,77.62075650000001,11605331
MT_NE-Bio_Solid,2050,14,103.51450725,11711273
MT_NW-Bio_Solid,2050,1,1.5705952499999998,13124380
MT_NW-Bio_Solid,2050,2,2.9304817499999998,23858645
MT_NW-Bio_Solid,2050,3,7.535283,32532136
MT_NW-Bio_Solid,2050,4,67.31196675,32543712
MT_NW-Bio_Solid,2050,5,117.84837749999998,32626338
MT_NW-Bio_Solid,2050,6,393.2008815,32647423
MT_NW-Bio_Solid,2050,7,418.655223,32725381
MT_NW-Bio_Solid,2050,8,444.36965999999995,33555457
MT_SE-Bio_Solid,2050,1,1.20327375,38223
MT_SE-Bio_Solid,2050,2,1.6719045000000001,151534
MT_SE-Bio_Solid,2050,3,1.985613,1624641
MT_SE-Bio_Solid,2050,4,2.7067319999999997,2450992
MT_SE-Bio_Solid,2050,5,4.937346749999999,3952992
MT_SE-Bio_Solid,2050,6,5.16327,4930276
MT_SE-Bio_Solid,2050,7,30.15369,5003810
MT_SE-Bio_Solid,2050,8,39.51749025,5130949
MT_SE-Bio_Solid,2050,9,108.669687,5183208
MT_SE-Bio_Solid,2050,10,9457.083005999999,5183380
MT_SW-Bio_Solid,2050,1,1.63386825,1288275
MT_SW-Bio_Solid,2050,2,2.9316892500000002,2699404
MT_SW-Bio_Solid,2050,3,4.27442925,8377568
MT_SW-Bio_Solid,2050,4,120.9883605,8456599
MT_SW-Bio_Solid,2050,5,636.89792775,8470205
MT_SW-Bio_Solid,2050,6,67117.64292975,8470309
MT_SW-Bio_Solid,2050,7,72125.108118,8471418
NM_N-Bio_Solid,2050,1,1.9009672499999999,8301200
NM_N-Bio_Solid,2050,2,3.0881812500000003,11465289
NM_N-Bio_Solid,2050,3,5.7295875,19339667
NM_N-Bio_Solid,2050,4,464.2154055,19340615
NM_N-Bio_Solid,2050,5,485.64973799999996,19340621
NM_N-Bio_Solid,2050,6,559.6412325,19340627
NM_N-Bio_Solid,2050,7,623.73810975,19405930
NM_N-Bio_Solid,2050,8,701.0583195,19422288
NM_N-Bio_Solid,2050,9,842.715699,19442312
NM_N-Bio_Solid,2050,10,909.0343762499999,19457586
NM_N-Bio_Solid,2050,11,1070.03131725,19484249
NM_N-Bio_Solid,2050,12,1292.917584,19585773
NM_S_TX_EPE-Bio_Solid,2050,1,1.8366074999999997,2529525
NM_S_TX_EPE-Bio_Solid,2050,2,2.53055775,7219824
NM_S_TX_EPE-Bio_Solid,2050,3,6.20172,11090059
NM_S_TX_EPE-Bio_Solid,2050,4,1546.6482307499998,11097865
NM_S_TX_EPE-Bio_Solid,2050,5,20713.98448875,11098428
NM_S_TX_EPE-Bio_Solid,2050,6,22074.5830515,11098856
NM_S_TX_EPE-Bio_Solid,2050,7,25361.536793249998,11099605
NM_S_TX_EPE-Bio_Solid,2050,8,29891.363643749995,11102456
NV_N-Bio_Solid,2050,1,1.21824675,5710
NV_N-Bio_Solid,2050,2,1.61165025,173523
NV_N-Bio_Solid,2050,3,1.71477075,1095632
NV_N-Bio_Solid,2050,4,2.2065854999999996,1934439
NV_N-Bio_Solid,2050,5,2.6379045000000003,3113187
NV_N-Bio_Solid,2050,6,4.1425702499999995,3127712
NV_N-Bio_Solid,2050,7,4.24400025,3147985
NV_N-Bio_Solid,2050,8,4.34349825,3151674
NV_N-Bio_Solid,2050,9,4.42512525,3405166
NV_N-Bio_Solid,2050,10,4.53549075,12724375
NV_N-Bio_Solid,2050,11,396.83098875,12749698
NV_N-Bio_Solid,2050,12,163386.868953,12749778
NV_S-Bio_Solid,2050,1,1.21824675,295
NV_S-Bio_Solid,2050,2,1.615635,137689
NV_S-Bio_Solid,2050,3,1.9377959999999999,2138166
NV_S-Bio_Solid,2050,4,2.4018382500000004,4913588
NV_S-Bio_Solid,2050,5,4.78230375,4917038
NV_S-Bio_Solid,2050,6,5.296577999999999,4917309
NV_S-Bio_Solid,2050,7,5.7658125,4917494
NV_S-Bio_Solid,2050,8,6.204980249999999,5005214
NV_S-Bio_Solid,2050,9,6.695587499999999,8107907
OR_E-Bio_Solid,2050,1,1.21824675,847561
OR_E-Bio_Solid,2050,2,1.637853,4251847
OR_E-Bio_Solid,2050,3,2.4678885,6064415
OR_E-Bio_Solid,2050,4,2.5078567499999997,12634523
OR_E-Bio_Solid,2050,5,3.8903234999999996,13744491
OR_E-Bio_Solid,2050,6,4.15029825,14580317
OR_E-Bio_Solid,2050,7,4.487553,26334211
OR_E-Bio_Solid,2050,8,65.08823475,26466321
OR_E-Bio_Solid,2050,9,197.12679,26522287
OR_PDX-Bio_Solid,2050,1,1.5109447500000002,5796120
OR_PDX-Bio_Solid,2050,2,2.3354257499999997,18875785
OR_PDX-Bio_Solid,2050,3,6.1638044999999995,21292882
OR_PDX-Bio_Solid,2050,4,6.7708147499999995,25891209
OR_PDX-Bio_Solid,2050,5,36.27245475,26056357
OR_PDX-Bio_Solid,2050,6,50.58809175,26071346
OR_PDX-Bio_Solid,2050,7,51.33372299999999,27480738
OR_PDX-Bio_Solid,2050,8,60.58160325,28088150
OR_PDX-Bio_Solid,2050,9,63.537080249999995,28674163
OR_PDX-Bio_Solid,2050,10,73.70688675000001,29155086
OR_PDX-Bio_Solid,2050,11,93.9408435,29502685
OR_PDX-Bio_Solid,2050,12,546.49844025,29548236
OR_W-Bio_Solid,2050,1,1.1997719999999998,6741856
OR_W-Bio_Solid,2050,2,1.7279324999999999,46482443
OR_W-Bio_Solid,2050,3,2.8016414999999997,85131596
OR_W-Bio_Solid,2050,4,4.67556075,100330758
OR_W-Bio_Solid,2050,5,5.33630475,137891931
OR_W-Bio_Solid,2050,6,49.911770999999995,138914619
OR_W-Bio_Solid,2050,7,52.99826175,138982789
OR_W-Bio_Solid,2050,8,60.00296924999999,142161253
OR_W-Bio_Solid,2050,9,79.68835875,143098640
OR_W-Bio_Solid,2050,10,88.53571124999999,143802072
OR_W-Bio_Solid,2050,11,99.37652550000001,144356590
OR_W-Bio_Solid,2050,12,111.3360885,144888763
OR_W-Bio_Solid,2050,13,125.105694,145328523
OR_W-Bio_Solid,2050,14,140.65841475000002,145684099
OR_W-Bio_Solid,2050,15,156.67083075,146104669
OR_W-Bio_Solid,2050,16,171.69840975,146776113
OR_W-Bio_Solid,2050,17,189.1787835,147433839
OR_W-Bio_Solid,2050,18,210.57701174999997,148014679
OR_W-Bio_Solid,2050,19,236.097645,148565543
OR_W-Bio_Solid,2050,20,267.16734449999996,151609794
OR_WA_BPA-Bio_Solid,2050,1,1.4062545000000002,6096825
OR_WA_BPA-Bio_Solid,2050,2,2.4601604999999998,13084932
OR_WA_BPA-Bio_Solid,2050,3,2.7811139999999996,23329361
OR_WA_BPA-Bio_Solid,2050,4,5.567541,26974355
OR_WA_BPA-Bio_Solid,2050,5,6.540786,31980746
OR_WA_BPA-Bio_Solid,2050,6,91.22058750000001,32094584
OR_WA_BPA-Bio_Solid,2050,7,133.406532,32222437
OR_WA_BPA-Bio_Solid,2050,8,176.13609300000002,32222576
OR_WA_BPA-Bio_Solid,2050,9,386.102472,32275170
OR_WA_BPA-Bio_Solid,2050,10,412.37598149999997,32360436
OR_WA_BPA-Bio_Solid,2050,11,442.55901375,32444783
OR_WA_BPA-Bio_Solid,2050,12,479.04700725,32520073
OR_WA_BPA-Bio_Solid,2050,13,522.34312725,32591459
OR_WA_BPA-Bio_Solid,2050,14,574.41511575,32987906
UT_N-Bio_Solid,2050,1,1.48196475,325305
UT_N-Bio_Solid,2050,2,2.09465025,7370276
UT_N-Bio_Solid,2050,3,5.19792525,12496776
UT_N-Bio_Solid,2050,4,58.472342250000004,12810728
UT_N-Bio_Solid,2050,5,826.51165275,12833649
UT_N-Bio_Solid,2050,6,974.34563625,12857761
UT_N-Bio_Solid,2050,7,1166.502477,12947609
UT_S-Bio_Solid,2050,1,1.6384567499999998,1475697
UT_S-Bio_Solid,2050,2,2.9628427499999996,2966657
UT_S-Bio_Solid,2050,3,3.54099375,19045420
UT_S-Bio_Solid,2050,4,23.965494,19340305
UT_S-Bio_Solid,2050,5,219.495003,19437217
UT_S-Bio_Solid,2050,6,393.18615,19461314
UT_S-Bio_Solid,2050,7,410.09404800000004,19507429
UT_S-Bio_Solid,2050,8,456.50189550000005,19529853
UT_S-Bio_Solid,2050,9,512.6144204999999,19548705
UT_S-Bio_Solid,2050,10,579.0786015,19564303
UT_S-Bio_Solid,2050,11,643.767033,19585612
UT_S-Bio_Solid,2050,12,722.86637325,19604178
UT_S-Bio_Solid,2050,13,924.17328675,19631349
UT_S-Bio_Solid,2050,14,1177.3595925,19728581
WA_ID_AVA-Bio_Solid,2050,1,0.8012969999999999,59316
WA_ID_AVA-Bio_Solid,2050,2,1.42231425,7805037
WA_ID_AVA-Bio_Solid,2050,3,2.11880025,15730325
WA_ID_AVA-Bio_Solid,2050,4,2.3227469999999997,43337864
WA_ID_AVA-Bio_Solid,2050,5,4.1414835000000005,50041514
WA_ID_AVA-Bio_Solid,2050,6,4.9819035,58430148
WA_ID_AVA-Bio_Solid,2050,7,5.7382815,72793353
WA_ID_AVA-Bio_Solid,2050,8,68.118939,73129202
WA_ID_AVA-Bio_Solid,2050,9,72.23240849999999,73156118
WA_ID_AVA-Bio_Solid,2050,10,87.59627624999999,73240308
WA_ID_AVA-Bio_Solid,2050,11,95.19217575,73268670
WA_ID_AVA-Bio_Solid,2050,12,97.37847525,73269078
WA_ID_AVA-Bio_Solid,2050,13,97.86884099999999,74010145
WA_ID_AVA-Bio_Solid,2050,14,102.350598,74681454
WA_ID_AVA-Bio_Solid,2050,15,113.189118,75055340
WA_ID_AVA-Bio_Solid,2050,16,126.5607315,75376166
WA_ID_AVA-Bio_Solid,2050,17,142.459401,75660009
WA_ID_AVA-Bio_Solid,2050,18,161.156814,75909990
WA_ID_AVA-Bio_Solid,2050,19,182.61928125,76141149
WA_ID_AVA-Bio_Solid,2050,20,208.0302735,76327143
WA_ID_AVA-Bio_Solid,2050,21,240.143736,76385027
WA_ID_AVA-Bio_Solid,2050,22,271.24905674999997,76511148
WA_ID_AVA-Bio_Solid,2050,23,301.51431975,76739624
WA_ID_AVA-Bio_Solid,2050,24,337.8268635,78132062
WA_N_CEN-Bio_Solid,2050,1,1.3536074999999999,5567913
WA_N_CEN-Bio_Solid,2050,2,2.407755,11429128
WA_N_CEN-Bio_Solid,2050,3,2.8755405,21141591
WA_N_CEN-Bio_Solid,2050,4,6.21922875,28458207
WA_N_CEN-Bio_Solid,2050,5,64.80121199999999,28565292
WA_N_CEN-Bio_Solid,2050,6,79.695483,29141740
WA_N_CEN-Bio_Solid,2050,7,1357071.568272,29141762
WA_SEATAC-Bio_Solid,2050,1,1.4393399999999998,1088835
WA_SEATAC-Bio_Solid,2050,2,1.96182525,6380401
WA_SEATAC-Bio_Solid,2050,3,2.45955675,13852845
WA_SEATAC-Bio_Solid,2050,4,10.388243249999999,14233010
WA_SEATAC-Bio_Solid,2050,5,11.804037,15738371
WA_SEATAC-Bio_Solid,2050,6,79.40628675,15786057
WA_SEATAC-Bio_Solid,2050,7,91.81600574999999,15788707
WA_SEATAC-Bio_Solid,2050,8,99.34174949999999,16126814
WA_SEATAC-Bio_Solid,2050,9,439.69578974999996,16158458
WA_W-Bio_Solid,2050,1,1.19989275,6513060
WA_W-Bio_Solid,2050,2,1.730106,43449872
WA_W-Bio_Solid,2050,3,2.9069355,74858188
WA_W-Bio_Solid,2050,4,4.688118749999999,88476868
WA_W-Bio_Solid,2050,5,5.8628955000000005,114105711
WA_W-Bio_Solid,2050,6,43.86811275,115098260
WA_W-Bio_Solid,2050,7,51.82263974999999,115153391
WA_W-Bio_Solid,2050,8,56.696954999999996,115521974
WA_W-Bio_Solid,2050,9,58.405326,116985514
WA_W-Bio_Solid,2050,10,59.992464,118595210
WA_W-Bio_Solid,2050,11,60.91680525,120543701
WA_W-Bio_Solid,2050,12,66.09166725,121461675
WA_W-Bio_Solid,2050,13,72.2097075,122294096
WA_W-Bio_Solid,2050,14,78.03722325,123354647
WA_W-Bio_Solid,2050,15,85.51454625000001,124262510
WA_W-Bio_Solid,2050,16,94.26698925,125135560
WA_W-Bio_Solid,2050,17,104.89528349999999,125918039
WA_W-Bio_Solid,2050,18,116.99648624999999,126725701
WA_W-Bio_Solid,2050,19,131.98180274999999,127436357
WA_W-Bio_Solid,2050,20,150.13451249999997,128091209
WA_W-Bio_Solid,2050,21,171.89523225,131782515
WY_NE-Bio_Solid,2050,1,0.887271,331227
WY_NE-Bio_Solid,2050,2,1.8896167499999998,1280855
WY_NE-Bio_Solid,2050,3,2.64623625,2423562
WY_NE-Bio_Solid,2050,4,2.9973772499999995,4736630
WY_NE-Bio_Solid,2050,5,4.991322,7406876
WY_NE-Bio_Solid,2050,6,5.077779,8600101
WY_NE-Bio_Solid,2050,7,14.23654575,8607526
WY_NE-Bio_Solid,2050,8,16.52475825,9863822
WY_NE-Bio_Solid,2050,9,18.185433,10635252
WY_NE-Bio_Solid,2050,10,2521.6947,10676800
WY_NW-Bio_Solid,2050,1,0.9108172499999999,51561
WY_NW-Bio_Solid,2050,2,2.040192,415702
WY_NW-Bio_Solid,2050,3,3.9095227499999994,443798
WY_NW-Bio_Solid,2050,4,4.1231295,1944646
WY_NW-Bio_Solid,2050,5,380.21687549999996,1954941
WY_NW-Bio_Solid,2050,6,3925.2024997500002,1955253
WY_SE-Bio_Solid,2050,1,0.8012969999999999,132872
WY_SE-Bio_Solid,2050,2,1.4719425000000002,351315
WY_SE-Bio_Solid,2050,3,1.6547580000000002,2280730
WY_SE-Bio_Solid,2050,4,2.04272775,6000686
WY_SE-Bio_Solid,2050,5,3.0570277499999996,7874459
WY_SE-Bio_Solid,2050,6,4.7587575,8373804
WY_SE-Bio_Solid,2050,7,5.024166,8465642
WY_SE-Bio_Solid,2050,8,5.21555475,8663153
WY_SE-Bio_Solid,2050,9,5.41986375,9049204
WY_SE-Bio_Solid,2050,10,5.722463249999999,9049299
WY_SE-Bio_Solid,2050,11,6.036534,11963391
WY_SE-Bio_Solid,2050,12,10.26942525,12208501
WY_SE-Bio_Solid,2050,13,12.246344249999998,12221077
WY_SE-Bio_Solid,2050,14,14.096717250000001,13088147
WY_SE-Bio_Solid,2050,15,23.294606999999996,13308611
WY_SE-Bio_Solid,2050,16,23.722907250000002,13989283
WY_SE-Bio_Solid,2050,17,28.57246875,14267699
WY_SE-Bio_Solid,2050,18,657.54062325,14286073
WY_SW-Bio_Solid,2050,1,0.8012969999999999,48845
WY_SW-Bio_Solid,2050,2,1.3926097499999999,165720
WY_SW-Bio_Solid,2050,3,1.6878434999999998,474912
WY_SW-Bio_Solid,2050,4,2.3997855,729204
WY_SW-Bio_Solid,2050,5,3.2709967499999997,922922
WY_SW-Bio_Solid,2050,6,3.9217185,1070549
WY_SW-Bio_Solid,2050,7,4.0284615,1177167
WY_SW-Bio_Solid,2050,8,4.19642475,1243775
WY_SW-Bio_Solid,2050,9,4.398922499999999,2977745
AZ_APS_E-Bio_Gas,2050,1,0.0,250625.35199999998
AZ_APS_N-Bio_Gas,2050,1,0.0,701411.448
AZ_APS_SW-Bio_Gas,2050,1,0.0,4203880.2
AZ_NM_N-Bio_Gas,2050,1,0.0,285413.064
AZ_NW-Bio_Gas,2050,1,0.0,17674.8768
AZ_PHX-Bio_Gas,2050,1,0.0,1659144
AZ_SE-Bio_Gas,2050,1,0.0,1707858.36
CA_IID-Bio_Gas,2050,1,0.0,1621484.76
CA_LADWP-Bio_Gas,2050,1,0.0,2741915.04
CAN_ALB-Bio_Gas,2050,1,0.0,7676370.48
CAN_BC-Bio_Gas,2050,1,0.0,9347445.6
CA_PGE_BAY-Bio_Gas,2050,1,0.0,10045004.4
CA_PGE_CEN-Bio_Gas,2050,1,0.0,7601165.88
CA_PGE_N-Bio_Gas,2050,1,0.0,7225624.68
CA_PGE_S-Bio_Gas,2050,1,0.0,3937812.7199999997
CA_SCE_CEN-Bio_Gas,2050,1,0.0,21901138.8
CA_SCE_S-Bio_Gas,2050,1,0.0,11721668.399999999
CA_SCE_SE-Bio_Gas,2050,1,0.0,2343405.12
CA_SCE_VLY-Bio_Gas,2050,1,0.0,1493212.08
CA_SDGE-Bio_Gas,2050,1,0.0,5973925.800000001
CA_SMUD-Bio_Gas,2050,1,0.0,1688638.92
CO_DEN-Bio_Gas,2050,1,0.0,8500817.88
CO_E-Bio_Gas,2050,1,0.0,4611299.04
CO_NW-Bio_Gas,2050,1,0.0,2085738.4800000002
CO_SW-Bio_Gas,2050,1,0.0,420085.8
ID_E-Bio_Gas,2050,1,0.0,476266.30799999996
ID_S_OR_E-Bio_Gas,2050,1,0.0,1510565.64
MEX_BAJA-Bio_Gas,2050,1,0.0,1858434
MT_NE-Bio_Gas,2050,1,0.0,640243.872
MT_NW-Bio_Gas,2050,1,0.0,508028.31600000005
MT_SE-Bio_Gas,2050,1,0.0,34534.460399999996
MT_SW-Bio_Gas,2050,1,0.0,131613.744
NM_N-Bio_Gas,2050,1,0.0,1951911.96
NM_S_TX_EPE-Bio_Gas,2050,1,0.0,1959130.2000000002
NV_N-Bio_Gas,2050,1,0.0,1463655.84
NV_S-Bio_Gas,2050,1,0.0,2662873.56
OR_E-Bio_Gas,2050,1,0.0,341322.888
OR_PDX-Bio_Gas,2050,1,0.0,1776694.44
OR_WA_BPA-Bio_Gas,2050,1,0.0,5870776.8
OR_W-Bio_Gas,2050,1,0.0,2903458.1999999997
UT_N-Bio_Gas,2050,1,0.0,3590671.44
UT_S-Bio_Gas,2050,1,0.0,1001381.88
WA_ID_AVA-Bio_Gas,2050,1,0.0,873858.1799999999
WA_N_CEN-Bio_Gas,2050,1,0.0,600408.648
WA_SEATAC-Bio_Gas,2050,1,0.0,1473572.1600000001
WA_W-Bio_Gas,2050,1,0.0,8632796.040000001
WY_NE-Bio_Gas,2050,1,0.0,39043.407600000006
WY_NW-Bio_Gas,2050,1,0.0,19122.9048
WY_SE-Bio_Gas,2050,1,0.0,533619.78
WY_SW-Bio_Gas,2050,1,0.0,14610.804
