timestamp,time_row,time_column
2050010200,2050,year-round
2050010204,2050,year-round
2050010208,2050,year-round
2050010212,2050,year-round
2050010216,2050,year-round
2050010220,2050,year-round
2050010300,2050,year-round
2050010304,2050,year-round
2050010308,2050,year-round
2050010312,2050,year-round
2050010316,2050,year-round
2050010320,2050,year-round
2050010400,2050,year-round
2050010404,2050,year-round
2050010408,2050,year-round
2050010412,2050,year-round
2050010416,2050,year-round
2050010420,2050,year-round
2050010500,2050,year-round
2050010504,2050,year-round
2050010508,2050,year-round
2050010512,2050,year-round
2050010516,2050,year-round
2050010520,2050,year-round
2050010600,2050,year-round
2050010604,2050,year-round
2050010608,2050,year-round
2050010612,2050,year-round
2050010616,2050,year-round
2050010620,2050,year-round
2050010700,2050,year-round
2050010704,2050,year-round
2050010708,2050,year-round
2050010712,2050,year-round
2050010716,2050,year-round
2050010720,2050,year-round
2050010800,2050,year-round
2050010804,2050,year-round
2050010808,2050,year-round
2050010812,2050,year-round
2050010816,2050,year-round
2050010820,2050,year-round
2050010900,2050,year-round
2050010904,2050,year-round
2050010908,2050,year-round
2050010912,2050,year-round
2050010916,2050,year-round
2050010920,2050,year-round
2050011000,2050,year-round
2050011004,2050,year-round
2050011008,2050,year-round
2050011012,2050,year-round
2050011016,2050,year-round
2050011020,2050,year-round
2050011100,2050,year-round
2050011104,2050,year-round
2050011108,2050,year-round
2050011112,2050,year-round
2050011116,2050,year-round
2050011120,2050,year-round
2050011200,2050,year-round
2050011204,2050,year-round
2050011208,2050,year-round
2050011212,2050,year-round
2050011216,2050,year-round
2050011220,2050,year-round
2050011300,2050,year-round
2050011304,2050,year-round
2050011308,2050,year-round
2050011312,2050,year-round
2050011316,2050,year-round
2050011320,2050,year-round
2050011400,2050,year-round
2050011404,2050,year-round
2050011408,2050,year-round
2050011412,2050,year-round
2050011416,2050,year-round
2050011420,2050,year-round
2050011500,2050,year-round
2050011504,2050,year-round
2050011508,2050,year-round
2050011512,2050,year-round
2050011516,2050,year-round
2050011520,2050,year-round
2050011600,2050,year-round
2050011604,2050,year-round
2050011608,2050,year-round
2050011612,2050,year-round
2050011616,2050,year-round
2050011620,2050,year-round
2050011700,2050,year-round
2050011704,2050,year-round
2050011708,2050,year-round
2050011712,2050,year-round
2050011716,2050,year-round
2050011720,2050,year-round
2050011800,2050,year-round
2050011804,2050,year-round
2050011808,2050,year-round
2050011812,2050,year-round
2050011816,2050,year-round
2050011820,2050,year-round
2050011900,2050,year-round
2050011904,2050,year-round
2050011908,2050,year-round
2050011912,2050,year-round
2050011916,2050,year-round
2050011920,2050,year-round
2050012000,2050,year-round
2050012004,2050,year-round
2050012008,2050,year-round
2050012012,2050,year-round
2050012016,2050,year-round
2050012020,2050,year-round
2050012100,2050,year-round
2050012104,2050,year-round
2050012108,2050,year-round
2050012112,2050,year-round
2050012116,2050,year-round
2050012120,2050,year-round
2050012200,2050,year-round
2050012204,2050,year-round
2050012208,2050,year-round
2050012212,2050,year-round
2050012216,2050,year-round
2050012220,2050,year-round
2050012300,2050,year-round
2050012304,2050,year-round
2050012308,2050,year-round
2050012312,2050,year-round
2050012316,2050,year-round
2050012320,2050,year-round
2050012400,2050,year-round
2050012404,2050,year-round
2050012408,2050,year-round
2050012412,2050,year-round
2050012416,2050,year-round
2050012420,2050,year-round
2050012500,2050,year-round
2050012504,2050,year-round
2050012508,2050,year-round
2050012512,2050,year-round
2050012516,2050,year-round
2050012520,2050,year-round
2050012600,2050,year-round
2050012604,2050,year-round
2050012608,2050,year-round
2050012612,2050,year-round
2050012616,2050,year-round
2050012620,2050,year-round
2050012700,2050,year-round
2050012704,2050,year-round
2050012708,2050,year-round
2050012712,2050,year-round
2050012716,2050,year-round
2050012720,2050,year-round
2050012800,2050,year-round
2050012804,2050,year-round
2050012808,2050,year-round
2050012812,2050,year-round
2050012816,2050,year-round
2050012820,2050,year-round
2050012900,2050,year-round
2050012904,2050,year-round
2050012908,2050,year-round
2050012912,2050,year-round
2050012916,2050,year-round
2050012920,2050,year-round
2050013000,2050,year-round
2050013004,2050,year-round
2050013008,2050,year-round
2050013012,2050,year-round
2050013016,2050,year-round
2050013020,2050,year-round
2050013100,2050,year-round
2050013104,2050,year-round
2050013108,2050,year-round
2050013112,2050,year-round
2050013116,2050,year-round
2050013120,2050,year-round
2050020100,2050,year-round
2050020104,2050,year-round
2050020108,2050,year-round
2050020112,2050,year-round
2050020116,2050,year-round
2050020120,2050,year-round
2050020200,2050,year-round
2050020204,2050,year-round
2050020208,2050,year-round
2050020212,2050,year-round
2050020216,2050,year-round
2050020220,2050,year-round
2050020300,2050,year-round
2050020304,2050,year-round
2050020308,2050,year-round
2050020312,2050,year-round
2050020316,2050,year-round
2050020320,2050,year-round
2050020400,2050,year-round
2050020404,2050,year-round
2050020408,2050,year-round
2050020412,2050,year-round
2050020416,2050,year-round
2050020420,2050,year-round
2050020500,2050,year-round
2050020504,2050,year-round
2050020508,2050,year-round
2050020512,2050,year-round
2050020516,2050,year-round
2050020520,2050,year-round
2050020600,2050,year-round
2050020604,2050,year-round
2050020608,2050,year-round
2050020612,2050,year-round
2050020616,2050,year-round
2050020620,2050,year-round
2050020700,2050,year-round
2050020704,2050,year-round
2050020708,2050,year-round
2050020712,2050,year-round
2050020716,2050,year-round
2050020720,2050,year-round
2050020800,2050,year-round
2050020804,2050,year-round
2050020808,2050,year-round
2050020812,2050,year-round
2050020816,2050,year-round
2050020820,2050,year-round
2050020900,2050,year-round
2050020904,2050,year-round
2050020908,2050,year-round
2050020912,2050,year-round
2050020916,2050,year-round
2050020920,2050,year-round
2050021000,2050,year-round
2050021004,2050,year-round
2050021008,2050,year-round
2050021012,2050,year-round
2050021016,2050,year-round
2050021020,2050,year-round
2050021100,2050,year-round
2050021104,2050,year-round
2050021108,2050,year-round
2050021112,2050,year-round
2050021116,2050,year-round
2050021120,2050,year-round
2050021200,2050,year-round
2050021204,2050,year-round
2050021208,2050,year-round
2050021212,2050,year-round
2050021216,2050,year-round
2050021220,2050,year-round
2050021300,2050,year-round
2050021304,2050,year-round
2050021308,2050,year-round
2050021312,2050,year-round
2050021316,2050,year-round
2050021320,2050,year-round
2050021400,2050,year-round
2050021404,2050,year-round
2050021408,2050,year-round
2050021412,2050,year-round
2050021416,2050,year-round
2050021420,2050,year-round
2050021500,2050,year-round
2050021504,2050,year-round
2050021508,2050,year-round
2050021512,2050,year-round
2050021516,2050,year-round
2050021520,2050,year-round
2050021600,2050,year-round
2050021604,2050,year-round
2050021608,2050,year-round
2050021612,2050,year-round
2050021616,2050,year-round
2050021620,2050,year-round
2050021700,2050,year-round
2050021704,2050,year-round
2050021708,2050,year-round
2050021712,2050,year-round
2050021716,2050,year-round
2050021720,2050,year-round
2050021800,2050,year-round
2050021804,2050,year-round
2050021808,2050,year-round
2050021812,2050,year-round
2050021816,2050,year-round
2050021820,2050,year-round
2050021900,2050,year-round
2050021904,2050,year-round
2050021908,2050,year-round
2050021912,2050,year-round
2050021916,2050,year-round
2050021920,2050,year-round
2050022000,2050,year-round
2050022004,2050,year-round
2050022008,2050,year-round
2050022012,2050,year-round
2050022016,2050,year-round
2050022020,2050,year-round
2050022100,2050,year-round
2050022104,2050,year-round
2050022108,2050,year-round
2050022112,2050,year-round
2050022116,2050,year-round
2050022120,2050,year-round
2050022200,2050,year-round
2050022204,2050,year-round
2050022208,2050,year-round
2050022212,2050,year-round
2050022216,2050,year-round
2050022220,2050,year-round
2050022300,2050,year-round
2050022304,2050,year-round
2050022308,2050,year-round
2050022312,2050,year-round
2050022316,2050,year-round
2050022320,2050,year-round
2050022400,2050,year-round
2050022404,2050,year-round
2050022408,2050,year-round
2050022412,2050,year-round
2050022416,2050,year-round
2050022420,2050,year-round
2050022500,2050,year-round
2050022504,2050,year-round
2050022508,2050,year-round
2050022512,2050,year-round
2050022516,2050,year-round
2050022520,2050,year-round
2050022600,2050,year-round
2050022604,2050,year-round
2050022608,2050,year-round
2050022612,2050,year-round
2050022616,2050,year-round
2050022620,2050,year-round
2050022700,2050,year-round
2050022704,2050,year-round
2050022708,2050,year-round
2050022712,2050,year-round
2050022716,2050,year-round
2050022720,2050,year-round
2050022800,2050,year-round
2050022804,2050,year-round
2050022808,2050,year-round
2050022812,2050,year-round
2050022816,2050,year-round
2050022820,2050,year-round
2050030100,2050,year-round
2050030104,2050,year-round
2050030108,2050,year-round
2050030112,2050,year-round
2050030116,2050,year-round
2050030120,2050,year-round
2050030200,2050,year-round
2050030204,2050,year-round
2050030208,2050,year-round
2050030212,2050,year-round
2050030216,2050,year-round
2050030220,2050,year-round
2050030300,2050,year-round
2050030304,2050,year-round
2050030308,2050,year-round
2050030312,2050,year-round
2050030316,2050,year-round
2050030320,2050,year-round
2050030400,2050,year-round
2050030404,2050,year-round
2050030408,2050,year-round
2050030412,2050,year-round
2050030416,2050,year-round
2050030420,2050,year-round
2050030500,2050,year-round
2050030504,2050,year-round
2050030508,2050,year-round
2050030512,2050,year-round
2050030516,2050,year-round
2050030520,2050,year-round
2050030600,2050,year-round
2050030604,2050,year-round
2050030608,2050,year-round
2050030612,2050,year-round
2050030616,2050,year-round
2050030620,2050,year-round
2050030700,2050,year-round
2050030704,2050,year-round
2050030708,2050,year-round
2050030712,2050,year-round
2050030716,2050,year-round
2050030720,2050,year-round
2050030800,2050,year-round
2050030804,2050,year-round
2050030808,2050,year-round
2050030812,2050,year-round
2050030816,2050,year-round
2050030820,2050,year-round
2050030900,2050,year-round
2050030904,2050,year-round
2050030908,2050,year-round
2050030912,2050,year-round
2050030916,2050,year-round
2050030920,2050,year-round
2050031000,2050,year-round
2050031004,2050,year-round
2050031008,2050,year-round
2050031012,2050,year-round
2050031016,2050,year-round
2050031020,2050,year-round
2050031100,2050,year-round
2050031104,2050,year-round
2050031108,2050,year-round
2050031112,2050,year-round
2050031116,2050,year-round
2050031120,2050,year-round
2050031200,2050,year-round
2050031204,2050,year-round
2050031208,2050,year-round
2050031212,2050,year-round
2050031216,2050,year-round
2050031220,2050,year-round
2050031300,2050,year-round
2050031304,2050,year-round
2050031308,2050,year-round
2050031312,2050,year-round
2050031316,2050,year-round
2050031320,2050,year-round
2050031400,2050,year-round
2050031404,2050,year-round
2050031408,2050,year-round
2050031412,2050,year-round
2050031416,2050,year-round
2050031420,2050,year-round
2050031500,2050,year-round
2050031504,2050,year-round
2050031508,2050,year-round
2050031512,2050,year-round
2050031516,2050,year-round
2050031520,2050,year-round
2050031600,2050,year-round
2050031604,2050,year-round
2050031608,2050,year-round
2050031612,2050,year-round
2050031616,2050,year-round
2050031620,2050,year-round
2050031700,2050,year-round
2050031704,2050,year-round
2050031708,2050,year-round
2050031712,2050,year-round
2050031716,2050,year-round
2050031720,2050,year-round
2050031800,2050,year-round
2050031804,2050,year-round
2050031808,2050,year-round
2050031812,2050,year-round
2050031816,2050,year-round
2050031820,2050,year-round
2050031900,2050,year-round
2050031904,2050,year-round
2050031908,2050,year-round
2050031912,2050,year-round
2050031916,2050,year-round
2050031920,2050,year-round
2050032000,2050,year-round
2050032004,2050,year-round
2050032008,2050,year-round
2050032012,2050,year-round
2050032016,2050,year-round
2050032020,2050,year-round
2050032100,2050,year-round
2050032104,2050,year-round
2050032108,2050,year-round
2050032112,2050,year-round
2050032116,2050,year-round
2050032120,2050,year-round
2050032200,2050,year-round
2050032204,2050,year-round
2050032208,2050,year-round
2050032212,2050,year-round
2050032216,2050,year-round
2050032220,2050,year-round
2050032300,2050,year-round
2050032304,2050,year-round
2050032308,2050,year-round
2050032312,2050,year-round
2050032316,2050,year-round
2050032320,2050,year-round
2050032400,2050,year-round
2050032404,2050,year-round
2050032408,2050,year-round
2050032412,2050,year-round
2050032416,2050,year-round
2050032420,2050,year-round
2050032500,2050,year-round
2050032504,2050,year-round
2050032508,2050,year-round
2050032512,2050,year-round
2050032516,2050,year-round
2050032520,2050,year-round
2050032600,2050,year-round
2050032604,2050,year-round
2050032608,2050,year-round
2050032612,2050,year-round
2050032616,2050,year-round
2050032620,2050,year-round
2050032700,2050,year-round
2050032704,2050,year-round
2050032708,2050,year-round
2050032712,2050,year-round
2050032716,2050,year-round
2050032720,2050,year-round
2050032800,2050,year-round
2050032804,2050,year-round
2050032808,2050,year-round
2050032812,2050,year-round
2050032816,2050,year-round
2050032820,2050,year-round
2050032900,2050,year-round
2050032904,2050,year-round
2050032908,2050,year-round
2050032912,2050,year-round
2050032916,2050,year-round
2050032920,2050,year-round
2050033000,2050,year-round
2050033004,2050,year-round
2050033008,2050,year-round
2050033012,2050,year-round
2050033016,2050,year-round
2050033020,2050,year-round
2050033100,2050,year-round
2050033104,2050,year-round
2050033108,2050,year-round
2050033112,2050,year-round
2050033116,2050,year-round
2050033120,2050,year-round
2050040100,2050,year-round
2050040104,2050,year-round
2050040108,2050,year-round
2050040112,2050,year-round
2050040116,2050,year-round
2050040120,2050,year-round
2050040200,2050,year-round
2050040204,2050,year-round
2050040208,2050,year-round
2050040212,2050,year-round
2050040216,2050,year-round
2050040220,2050,year-round
2050040300,2050,year-round
2050040304,2050,year-round
2050040308,2050,year-round
2050040312,2050,year-round
2050040316,2050,year-round
2050040320,2050,year-round
2050040400,2050,year-round
2050040404,2050,year-round
2050040408,2050,year-round
2050040412,2050,year-round
2050040416,2050,year-round
2050040420,2050,year-round
2050040500,2050,year-round
2050040504,2050,year-round
2050040508,2050,year-round
2050040512,2050,year-round
2050040516,2050,year-round
2050040520,2050,year-round
2050040600,2050,year-round
2050040604,2050,year-round
2050040608,2050,year-round
2050040612,2050,year-round
2050040616,2050,year-round
2050040620,2050,year-round
2050040700,2050,year-round
2050040704,2050,year-round
2050040708,2050,year-round
2050040712,2050,year-round
2050040716,2050,year-round
2050040720,2050,year-round
2050040800,2050,year-round
2050040804,2050,year-round
2050040808,2050,year-round
2050040812,2050,year-round
2050040816,2050,year-round
2050040820,2050,year-round
2050040900,2050,year-round
2050040904,2050,year-round
2050040908,2050,year-round
2050040912,2050,year-round
2050040916,2050,year-round
2050040920,2050,year-round
2050041000,2050,year-round
2050041004,2050,year-round
2050041008,2050,year-round
2050041012,2050,year-round
2050041016,2050,year-round
2050041020,2050,year-round
2050041100,2050,year-round
2050041104,2050,year-round
2050041108,2050,year-round
2050041112,2050,year-round
2050041116,2050,year-round
2050041120,2050,year-round
2050041200,2050,year-round
2050041204,2050,year-round
2050041208,2050,year-round
2050041212,2050,year-round
2050041216,2050,year-round
2050041220,2050,year-round
2050041300,2050,year-round
2050041304,2050,year-round
2050041308,2050,year-round
2050041312,2050,year-round
2050041316,2050,year-round
2050041320,2050,year-round
2050041400,2050,year-round
2050041404,2050,year-round
2050041408,2050,year-round
2050041412,2050,year-round
2050041416,2050,year-round
2050041420,2050,year-round
2050041500,2050,year-round
2050041504,2050,year-round
2050041508,2050,year-round
2050041512,2050,year-round
2050041516,2050,year-round
2050041520,2050,year-round
2050041600,2050,year-round
2050041604,2050,year-round
2050041608,2050,year-round
2050041612,2050,year-round
2050041616,2050,year-round
2050041620,2050,year-round
2050041700,2050,year-round
2050041704,2050,year-round
2050041708,2050,year-round
2050041712,2050,year-round
2050041716,2050,year-round
2050041720,2050,year-round
2050041800,2050,year-round
2050041804,2050,year-round
2050041808,2050,year-round
2050041812,2050,year-round
2050041816,2050,year-round
2050041820,2050,year-round
2050041900,2050,year-round
2050041904,2050,year-round
2050041908,2050,year-round
2050041912,2050,year-round
2050041916,2050,year-round
2050041920,2050,year-round
2050042000,2050,year-round
2050042004,2050,year-round
2050042008,2050,year-round
2050042012,2050,year-round
2050042016,2050,year-round
2050042020,2050,year-round
2050042100,2050,year-round
2050042104,2050,year-round
2050042108,2050,year-round
2050042112,2050,year-round
2050042116,2050,year-round
2050042120,2050,year-round
2050042200,2050,year-round
2050042204,2050,year-round
2050042208,2050,year-round
2050042212,2050,year-round
2050042216,2050,year-round
2050042220,2050,year-round
2050042300,2050,year-round
2050042304,2050,year-round
2050042308,2050,year-round
2050042312,2050,year-round
2050042316,2050,year-round
2050042320,2050,year-round
2050042400,2050,year-round
2050042404,2050,year-round
2050042408,2050,year-round
2050042412,2050,year-round
2050042416,2050,year-round
2050042420,2050,year-round
2050042500,2050,year-round
2050042504,2050,year-round
2050042508,2050,year-round
2050042512,2050,year-round
2050042516,2050,year-round
2050042520,2050,year-round
2050042600,2050,year-round
2050042604,2050,year-round
2050042608,2050,year-round
2050042612,2050,year-round
2050042616,2050,year-round
2050042620,2050,year-round
2050042700,2050,year-round
2050042704,2050,year-round
2050042708,2050,year-round
2050042712,2050,year-round
2050042716,2050,year-round
2050042720,2050,year-round
2050042800,2050,year-round
2050042804,2050,year-round
2050042808,2050,year-round
2050042812,2050,year-round
2050042816,2050,year-round
2050042820,2050,year-round
2050042900,2050,year-round
2050042904,2050,year-round
2050042908,2050,year-round
2050042912,2050,year-round
2050042916,2050,year-round
2050042920,2050,year-round
2050043000,2050,year-round
2050043004,2050,year-round
2050043008,2050,year-round
2050043012,2050,year-round
2050043016,2050,year-round
2050043020,2050,year-round
2050050100,2050,year-round
2050050104,2050,year-round
2050050108,2050,year-round
2050050112,2050,year-round
2050050116,2050,year-round
2050050120,2050,year-round
2050050200,2050,year-round
2050050204,2050,year-round
2050050208,2050,year-round
2050050212,2050,year-round
2050050216,2050,year-round
2050050220,2050,year-round
2050050300,2050,year-round
2050050304,2050,year-round
2050050308,2050,year-round
2050050312,2050,year-round
2050050316,2050,year-round
2050050320,2050,year-round
2050050400,2050,year-round
2050050404,2050,year-round
2050050408,2050,year-round
2050050412,2050,year-round
2050050416,2050,year-round
2050050420,2050,year-round
2050050500,2050,year-round
2050050504,2050,year-round
2050050508,2050,year-round
2050050512,2050,year-round
2050050516,2050,year-round
2050050520,2050,year-round
2050050600,2050,year-round
2050050604,2050,year-round
2050050608,2050,year-round
2050050612,2050,year-round
2050050616,2050,year-round
2050050620,2050,year-round
2050050700,2050,year-round
2050050704,2050,year-round
2050050708,2050,year-round
2050050712,2050,year-round
2050050716,2050,year-round
2050050720,2050,year-round
2050050800,2050,year-round
2050050804,2050,year-round
2050050808,2050,year-round
2050050812,2050,year-round
2050050816,2050,year-round
2050050820,2050,year-round
2050050900,2050,year-round
2050050904,2050,year-round
2050050908,2050,year-round
2050050912,2050,year-round
2050050916,2050,year-round
2050050920,2050,year-round
2050051000,2050,year-round
2050051004,2050,year-round
2050051008,2050,year-round
2050051012,2050,year-round
2050051016,2050,year-round
2050051020,2050,year-round
2050051100,2050,year-round
2050051104,2050,year-round
2050051108,2050,year-round
2050051112,2050,year-round
2050051116,2050,year-round
2050051120,2050,year-round
2050051200,2050,year-round
2050051204,2050,year-round
2050051208,2050,year-round
2050051212,2050,year-round
2050051216,2050,year-round
2050051220,2050,year-round
2050051300,2050,year-round
2050051304,2050,year-round
2050051308,2050,year-round
2050051312,2050,year-round
2050051316,2050,year-round
2050051320,2050,year-round
2050051400,2050,year-round
2050051404,2050,year-round
2050051408,2050,year-round
2050051412,2050,year-round
2050051416,2050,year-round
2050051420,2050,year-round
2050051500,2050,year-round
2050051504,2050,year-round
2050051508,2050,year-round
2050051512,2050,year-round
2050051516,2050,year-round
2050051520,2050,year-round
2050051600,2050,year-round
2050051604,2050,year-round
2050051608,2050,year-round
2050051612,2050,year-round
2050051616,2050,year-round
2050051620,2050,year-round
2050051700,2050,year-round
2050051704,2050,year-round
2050051708,2050,year-round
2050051712,2050,year-round
2050051716,2050,year-round
2050051720,2050,year-round
2050051800,2050,year-round
2050051804,2050,year-round
2050051808,2050,year-round
2050051812,2050,year-round
2050051816,2050,year-round
2050051820,2050,year-round
2050051900,2050,year-round
2050051904,2050,year-round
2050051908,2050,year-round
2050051912,2050,year-round
2050051916,2050,year-round
2050051920,2050,year-round
2050052000,2050,year-round
2050052004,2050,year-round
2050052008,2050,year-round
2050052012,2050,year-round
2050052016,2050,year-round
2050052020,2050,year-round
2050052100,2050,year-round
2050052104,2050,year-round
2050052108,2050,year-round
2050052112,2050,year-round
2050052116,2050,year-round
2050052120,2050,year-round
2050052200,2050,year-round
2050052204,2050,year-round
2050052208,2050,year-round
2050052212,2050,year-round
2050052216,2050,year-round
2050052220,2050,year-round
2050052300,2050,year-round
2050052304,2050,year-round
2050052308,2050,year-round
2050052312,2050,year-round
2050052316,2050,year-round
2050052320,2050,year-round
2050052400,2050,year-round
2050052404,2050,year-round
2050052408,2050,year-round
2050052412,2050,year-round
2050052416,2050,year-round
2050052420,2050,year-round
2050052500,2050,year-round
2050052504,2050,year-round
2050052508,2050,year-round
2050052512,2050,year-round
2050052516,2050,year-round
2050052520,2050,year-round
2050052600,2050,year-round
2050052604,2050,year-round
2050052608,2050,year-round
2050052612,2050,year-round
2050052616,2050,year-round
2050052620,2050,year-round
2050052700,2050,year-round
2050052704,2050,year-round
2050052708,2050,year-round
2050052712,2050,year-round
2050052716,2050,year-round
2050052720,2050,year-round
2050052800,2050,year-round
2050052804,2050,year-round
2050052808,2050,year-round
2050052812,2050,year-round
2050052816,2050,year-round
2050052820,2050,year-round
2050052900,2050,year-round
2050052904,2050,year-round
2050052908,2050,year-round
2050052912,2050,year-round
2050052916,2050,year-round
2050052920,2050,year-round
2050053000,2050,year-round
2050053004,2050,year-round
2050053008,2050,year-round
2050053012,2050,year-round
2050053016,2050,year-round
2050053020,2050,year-round
2050053100,2050,year-round
2050053104,2050,year-round
2050053108,2050,year-round
2050053112,2050,year-round
2050053116,2050,year-round
2050053120,2050,year-round
2050060100,2050,year-round
2050060104,2050,year-round
2050060108,2050,year-round
2050060112,2050,year-round
2050060116,2050,year-round
2050060120,2050,year-round
2050060200,2050,year-round
2050060204,2050,year-round
2050060208,2050,year-round
2050060212,2050,year-round
2050060216,2050,year-round
2050060220,2050,year-round
2050060300,2050,year-round
2050060304,2050,year-round
2050060308,2050,year-round
2050060312,2050,year-round
2050060316,2050,year-round
2050060320,2050,year-round
2050060400,2050,year-round
2050060404,2050,year-round
2050060408,2050,year-round
2050060412,2050,year-round
2050060416,2050,year-round
2050060420,2050,year-round
2050060500,2050,year-round
2050060504,2050,year-round
2050060508,2050,year-round
2050060512,2050,year-round
2050060516,2050,year-round
2050060520,2050,year-round
2050060600,2050,year-round
2050060604,2050,year-round
2050060608,2050,year-round
2050060612,2050,year-round
2050060616,2050,year-round
2050060620,2050,year-round
2050060700,2050,year-round
2050060704,2050,year-round
2050060708,2050,year-round
2050060712,2050,year-round
2050060716,2050,year-round
2050060720,2050,year-round
2050060800,2050,year-round
2050060804,2050,year-round
2050060808,2050,year-round
2050060812,2050,year-round
2050060816,2050,year-round
2050060820,2050,year-round
2050060900,2050,year-round
2050060904,2050,year-round
2050060908,2050,year-round
2050060912,2050,year-round
2050060916,2050,year-round
2050060920,2050,year-round
2050061000,2050,year-round
2050061004,2050,year-round
2050061008,2050,year-round
2050061012,2050,year-round
2050061016,2050,year-round
2050061020,2050,year-round
2050061100,2050,year-round
2050061104,2050,year-round
2050061108,2050,year-round
2050061112,2050,year-round
2050061116,2050,year-round
2050061120,2050,year-round
2050061200,2050,year-round
2050061204,2050,year-round
2050061208,2050,year-round
2050061212,2050,year-round
2050061216,2050,year-round
2050061220,2050,year-round
2050061300,2050,year-round
2050061304,2050,year-round
2050061308,2050,year-round
2050061312,2050,year-round
2050061316,2050,year-round
2050061320,2050,year-round
2050061400,2050,year-round
2050061404,2050,year-round
2050061408,2050,year-round
2050061412,2050,year-round
2050061416,2050,year-round
2050061420,2050,year-round
2050061500,2050,year-round
2050061504,2050,year-round
2050061508,2050,year-round
2050061512,2050,year-round
2050061516,2050,year-round
2050061520,2050,year-round
2050061600,2050,year-round
2050061604,2050,year-round
2050061608,2050,year-round
2050061612,2050,year-round
2050061616,2050,year-round
2050061620,2050,year-round
2050061700,2050,year-round
2050061704,2050,year-round
2050061708,2050,year-round
2050061712,2050,year-round
2050061716,2050,year-round
2050061720,2050,year-round
2050061800,2050,year-round
2050061804,2050,year-round
2050061808,2050,year-round
2050061812,2050,year-round
2050061816,2050,year-round
2050061820,2050,year-round
2050061900,2050,year-round
2050061904,2050,year-round
2050061908,2050,year-round
2050061912,2050,year-round
2050061916,2050,year-round
2050061920,2050,year-round
2050062000,2050,year-round
2050062004,2050,year-round
2050062008,2050,year-round
2050062012,2050,year-round
2050062016,2050,year-round
2050062020,2050,year-round
2050062100,2050,year-round
2050062104,2050,year-round
2050062108,2050,year-round
2050062112,2050,year-round
2050062116,2050,year-round
2050062120,2050,year-round
2050062200,2050,year-round
2050062204,2050,year-round
2050062208,2050,year-round
2050062212,2050,year-round
2050062216,2050,year-round
2050062220,2050,year-round
2050062300,2050,year-round
2050062304,2050,year-round
2050062308,2050,year-round
2050062312,2050,year-round
2050062316,2050,year-round
2050062320,2050,year-round
2050062400,2050,year-round
2050062404,2050,year-round
2050062408,2050,year-round
2050062412,2050,year-round
2050062416,2050,year-round
2050062420,2050,year-round
2050062500,2050,year-round
2050062504,2050,year-round
2050062508,2050,year-round
2050062512,2050,year-round
2050062516,2050,year-round
2050062520,2050,year-round
2050062600,2050,year-round
2050062604,2050,year-round
2050062608,2050,year-round
2050062612,2050,year-round
2050062616,2050,year-round
2050062620,2050,year-round
2050062700,2050,year-round
2050062704,2050,year-round
2050062708,2050,year-round
2050062712,2050,year-round
2050062716,2050,year-round
2050062720,2050,year-round
2050062800,2050,year-round
2050062804,2050,year-round
2050062808,2050,year-round
2050062812,2050,year-round
2050062816,2050,year-round
2050062820,2050,year-round
2050062900,2050,year-round
2050062904,2050,year-round
2050062908,2050,year-round
2050062912,2050,year-round
2050062916,2050,year-round
2050062920,2050,year-round
2050063000,2050,year-round
2050063004,2050,year-round
2050063008,2050,year-round
2050063012,2050,year-round
2050063016,2050,year-round
2050063020,2050,year-round
2050070100,2050,year-round
2050070104,2050,year-round
2050070108,2050,year-round
2050070112,2050,year-round
2050070116,2050,year-round
2050070120,2050,year-round
2050070200,2050,year-round
2050070204,2050,year-round
2050070208,2050,year-round
2050070212,2050,year-round
2050070216,2050,year-round
2050070220,2050,year-round
2050070300,2050,year-round
2050070304,2050,year-round
2050070308,2050,year-round
2050070312,2050,year-round
2050070316,2050,year-round
2050070320,2050,year-round
2050070400,2050,year-round
2050070404,2050,year-round
2050070408,2050,year-round
2050070412,2050,year-round
2050070416,2050,year-round
2050070420,2050,year-round
2050070500,2050,year-round
2050070504,2050,year-round
2050070508,2050,year-round
2050070512,2050,year-round
2050070516,2050,year-round
2050070520,2050,year-round
2050070600,2050,year-round
2050070604,2050,year-round
2050070608,2050,year-round
2050070612,2050,year-round
2050070616,2050,year-round
2050070620,2050,year-round
2050070700,2050,year-round
2050070704,2050,year-round
2050070708,2050,year-round
2050070712,2050,year-round
2050070716,2050,year-round
2050070720,2050,year-round
2050070800,2050,year-round
2050070804,2050,year-round
2050070808,2050,year-round
2050070812,2050,year-round
2050070816,2050,year-round
2050070820,2050,year-round
2050070900,2050,year-round
2050070904,2050,year-round
2050070908,2050,year-round
2050070912,2050,year-round
2050070916,2050,year-round
2050070920,2050,year-round
2050071000,2050,year-round
2050071004,2050,year-round
2050071008,2050,year-round
2050071012,2050,year-round
2050071016,2050,year-round
2050071020,2050,year-round
2050071100,2050,year-round
2050071104,2050,year-round
2050071108,2050,year-round
2050071112,2050,year-round
2050071116,2050,year-round
2050071120,2050,year-round
2050071200,2050,year-round
2050071204,2050,year-round
2050071208,2050,year-round
2050071212,2050,year-round
2050071216,2050,year-round
2050071220,2050,year-round
2050071300,2050,year-round
2050071304,2050,year-round
2050071308,2050,year-round
2050071312,2050,year-round
2050071316,2050,year-round
2050071320,2050,year-round
2050071400,2050,year-round
2050071404,2050,year-round
2050071408,2050,year-round
2050071412,2050,year-round
2050071416,2050,year-round
2050071420,2050,year-round
2050071500,2050,year-round
2050071504,2050,year-round
2050071508,2050,year-round
2050071512,2050,year-round
2050071516,2050,year-round
2050071520,2050,year-round
2050071600,2050,year-round
2050071604,2050,year-round
2050071608,2050,year-round
2050071612,2050,year-round
2050071616,2050,year-round
2050071620,2050,year-round
2050071700,2050,year-round
2050071704,2050,year-round
2050071708,2050,year-round
2050071712,2050,year-round
2050071716,2050,year-round
2050071720,2050,year-round
2050071800,2050,year-round
2050071804,2050,year-round
2050071808,2050,year-round
2050071812,2050,year-round
2050071816,2050,year-round
2050071820,2050,year-round
2050071900,2050,year-round
2050071904,2050,year-round
2050071908,2050,year-round
2050071912,2050,year-round
2050071916,2050,year-round
2050071920,2050,year-round
2050072000,2050,year-round
2050072004,2050,year-round
2050072008,2050,year-round
2050072012,2050,year-round
2050072016,2050,year-round
2050072020,2050,year-round
2050072100,2050,year-round
2050072104,2050,year-round
2050072108,2050,year-round
2050072112,2050,year-round
2050072116,2050,year-round
2050072120,2050,year-round
2050072200,2050,year-round
2050072204,2050,year-round
2050072208,2050,year-round
2050072212,2050,year-round
2050072216,2050,year-round
2050072220,2050,year-round
2050072300,2050,year-round
2050072304,2050,year-round
2050072308,2050,year-round
2050072312,2050,year-round
2050072316,2050,year-round
2050072320,2050,year-round
2050072400,2050,year-round
2050072404,2050,year-round
2050072408,2050,year-round
2050072412,2050,year-round
2050072416,2050,year-round
2050072420,2050,year-round
2050072500,2050,year-round
2050072504,2050,year-round
2050072508,2050,year-round
2050072512,2050,year-round
2050072516,2050,year-round
2050072520,2050,year-round
2050072600,2050,year-round
2050072604,2050,year-round
2050072608,2050,year-round
2050072612,2050,year-round
2050072616,2050,year-round
2050072620,2050,year-round
2050072700,2050,year-round
2050072704,2050,year-round
2050072708,2050,year-round
2050072712,2050,year-round
2050072716,2050,year-round
2050072720,2050,year-round
2050072800,2050,year-round
2050072804,2050,year-round
2050072808,2050,year-round
2050072812,2050,year-round
2050072816,2050,year-round
2050072820,2050,year-round
2050072900,2050,year-round
2050072904,2050,year-round
2050072908,2050,year-round
2050072912,2050,year-round
2050072916,2050,year-round
2050072920,2050,year-round
2050073000,2050,year-round
2050073004,2050,year-round
2050073008,2050,year-round
2050073012,2050,year-round
2050073016,2050,year-round
2050073020,2050,year-round
2050073100,2050,year-round
2050073104,2050,year-round
2050073108,2050,year-round
2050073112,2050,year-round
2050073116,2050,year-round
2050073120,2050,year-round
2050080100,2050,year-round
2050080104,2050,year-round
2050080108,2050,year-round
2050080112,2050,year-round
2050080116,2050,year-round
2050080120,2050,year-round
2050080200,2050,year-round
2050080204,2050,year-round
2050080208,2050,year-round
2050080212,2050,year-round
2050080216,2050,year-round
2050080220,2050,year-round
2050080300,2050,year-round
2050080304,2050,year-round
2050080308,2050,year-round
2050080312,2050,year-round
2050080316,2050,year-round
2050080320,2050,year-round
2050080400,2050,year-round
2050080404,2050,year-round
2050080408,2050,year-round
2050080412,2050,year-round
2050080416,2050,year-round
2050080420,2050,year-round
2050080500,2050,year-round
2050080504,2050,year-round
2050080508,2050,year-round
2050080512,2050,year-round
2050080516,2050,year-round
2050080520,2050,year-round
2050080600,2050,year-round
2050080604,2050,year-round
2050080608,2050,year-round
2050080612,2050,year-round
2050080616,2050,year-round
2050080620,2050,year-round
2050080700,2050,year-round
2050080704,2050,year-round
2050080708,2050,year-round
2050080712,2050,year-round
2050080716,2050,year-round
2050080720,2050,year-round
2050080800,2050,year-round
2050080804,2050,year-round
2050080808,2050,year-round
2050080812,2050,year-round
2050080816,2050,year-round
2050080820,2050,year-round
2050080900,2050,year-round
2050080904,2050,year-round
2050080908,2050,year-round
2050080912,2050,year-round
2050080916,2050,year-round
2050080920,2050,year-round
2050081000,2050,year-round
2050081004,2050,year-round
2050081008,2050,year-round
2050081012,2050,year-round
2050081016,2050,year-round
2050081020,2050,year-round
2050081100,2050,year-round
2050081104,2050,year-round
2050081108,2050,year-round
2050081112,2050,year-round
2050081116,2050,year-round
2050081120,2050,year-round
2050081200,2050,year-round
2050081204,2050,year-round
2050081208,2050,year-round
2050081212,2050,year-round
2050081216,2050,year-round
2050081220,2050,year-round
2050081300,2050,year-round
2050081304,2050,year-round
2050081308,2050,year-round
2050081312,2050,year-round
2050081316,2050,year-round
2050081320,2050,year-round
2050081400,2050,year-round
2050081404,2050,year-round
2050081408,2050,year-round
2050081412,2050,year-round
2050081416,2050,year-round
2050081420,2050,year-round
2050081500,2050,year-round
2050081504,2050,year-round
2050081508,2050,year-round
2050081512,2050,year-round
2050081516,2050,year-round
2050081520,2050,year-round
2050081600,2050,year-round
2050081604,2050,year-round
2050081608,2050,year-round
2050081612,2050,year-round
2050081616,2050,year-round
2050081620,2050,year-round
2050081700,2050,year-round
2050081704,2050,year-round
2050081708,2050,year-round
2050081712,2050,year-round
2050081716,2050,year-round
2050081720,2050,year-round
2050081800,2050,year-round
2050081804,2050,year-round
2050081808,2050,year-round
2050081812,2050,year-round
2050081816,2050,year-round
2050081820,2050,year-round
2050081900,2050,year-round
2050081904,2050,year-round
2050081908,2050,year-round
2050081912,2050,year-round
2050081916,2050,year-round
2050081920,2050,year-round
2050082000,2050,year-round
2050082004,2050,year-round
2050082008,2050,year-round
2050082012,2050,year-round
2050082016,2050,year-round
2050082020,2050,year-round
2050082100,2050,year-round
2050082104,2050,year-round
2050082108,2050,year-round
2050082112,2050,year-round
2050082116,2050,year-round
2050082120,2050,year-round
2050082200,2050,year-round
2050082204,2050,year-round
2050082208,2050,year-round
2050082212,2050,year-round
2050082216,2050,year-round
2050082220,2050,year-round
2050082300,2050,year-round
2050082304,2050,year-round
2050082308,2050,year-round
2050082312,2050,year-round
2050082316,2050,year-round
2050082320,2050,year-round
2050082400,2050,year-round
2050082404,2050,year-round
2050082408,2050,year-round
2050082412,2050,year-round
2050082416,2050,year-round
2050082420,2050,year-round
2050082500,2050,year-round
2050082504,2050,year-round
2050082508,2050,year-round
2050082512,2050,year-round
2050082516,2050,year-round
2050082520,2050,year-round
2050082600,2050,year-round
2050082604,2050,year-round
2050082608,2050,year-round
2050082612,2050,year-round
2050082616,2050,year-round
2050082620,2050,year-round
2050082700,2050,year-round
2050082704,2050,year-round
2050082708,2050,year-round
2050082712,2050,year-round
2050082716,2050,year-round
2050082720,2050,year-round
2050082800,2050,year-round
2050082804,2050,year-round
2050082808,2050,year-round
2050082812,2050,year-round
2050082816,2050,year-round
2050082820,2050,year-round
2050082900,2050,year-round
2050082904,2050,year-round
2050082908,2050,year-round
2050082912,2050,year-round
2050082916,2050,year-round
2050082920,2050,year-round
2050083000,2050,year-round
2050083004,2050,year-round
2050083008,2050,year-round
2050083012,2050,year-round
2050083016,2050,year-round
2050083020,2050,year-round
2050083100,2050,year-round
2050083104,2050,year-round
2050083108,2050,year-round
2050083112,2050,year-round
2050083116,2050,year-round
2050083120,2050,year-round
2050090100,2050,year-round
2050090104,2050,year-round
2050090108,2050,year-round
2050090112,2050,year-round
2050090116,2050,year-round
2050090120,2050,year-round
2050090200,2050,year-round
2050090204,2050,year-round
2050090208,2050,year-round
2050090212,2050,year-round
2050090216,2050,year-round
2050090220,2050,year-round
2050090300,2050,year-round
2050090304,2050,year-round
2050090308,2050,year-round
2050090312,2050,year-round
2050090316,2050,year-round
2050090320,2050,year-round
2050090400,2050,year-round
2050090404,2050,year-round
2050090408,2050,year-round
2050090412,2050,year-round
2050090416,2050,year-round
2050090420,2050,year-round
2050090500,2050,year-round
2050090504,2050,year-round
2050090508,2050,year-round
2050090512,2050,year-round
2050090516,2050,year-round
2050090520,2050,year-round
2050090600,2050,year-round
2050090604,2050,year-round
2050090608,2050,year-round
2050090612,2050,year-round
2050090616,2050,year-round
2050090620,2050,year-round
2050090700,2050,year-round
2050090704,2050,year-round
2050090708,2050,year-round
2050090712,2050,year-round
2050090716,2050,year-round
2050090720,2050,year-round
2050090800,2050,year-round
2050090804,2050,year-round
2050090808,2050,year-round
2050090812,2050,year-round
2050090816,2050,year-round
2050090820,2050,year-round
2050090900,2050,year-round
2050090904,2050,year-round
2050090908,2050,year-round
2050090912,2050,year-round
2050090916,2050,year-round
2050090920,2050,year-round
2050091000,2050,year-round
2050091004,2050,year-round
2050091008,2050,year-round
2050091012,2050,year-round
2050091016,2050,year-round
2050091020,2050,year-round
2050091100,2050,year-round
2050091104,2050,year-round
2050091108,2050,year-round
2050091112,2050,year-round
2050091116,2050,year-round
2050091120,2050,year-round
2050091200,2050,year-round
2050091204,2050,year-round
2050091208,2050,year-round
2050091212,2050,year-round
2050091216,2050,year-round
2050091220,2050,year-round
2050091300,2050,year-round
2050091304,2050,year-round
2050091308,2050,year-round
2050091312,2050,year-round
2050091316,2050,year-round
2050091320,2050,year-round
2050091400,2050,year-round
2050091404,2050,year-round
2050091408,2050,year-round
2050091412,2050,year-round
2050091416,2050,year-round
2050091420,2050,year-round
2050091500,2050,year-round
2050091504,2050,year-round
2050091508,2050,year-round
2050091512,2050,year-round
2050091516,2050,year-round
2050091520,2050,year-round
2050091600,2050,year-round
2050091604,2050,year-round
2050091608,2050,year-round
2050091612,2050,year-round
2050091616,2050,year-round
2050091620,2050,year-round
2050091700,2050,year-round
2050091704,2050,year-round
2050091708,2050,year-round
2050091712,2050,year-round
2050091716,2050,year-round
2050091720,2050,year-round
2050091800,2050,year-round
2050091804,2050,year-round
2050091808,2050,year-round
2050091812,2050,year-round
2050091816,2050,year-round
2050091820,2050,year-round
2050091900,2050,year-round
2050091904,2050,year-round
2050091908,2050,year-round
2050091912,2050,year-round
2050091916,2050,year-round
2050091920,2050,year-round
2050092000,2050,year-round
2050092004,2050,year-round
2050092008,2050,year-round
2050092012,2050,year-round
2050092016,2050,year-round
2050092020,2050,year-round
2050092100,2050,year-round
2050092104,2050,year-round
2050092108,2050,year-round
2050092112,2050,year-round
2050092116,2050,year-round
2050092120,2050,year-round
2050092200,2050,year-round
2050092204,2050,year-round
2050092208,2050,year-round
2050092212,2050,year-round
2050092216,2050,year-round
2050092220,2050,year-round
2050092300,2050,year-round
2050092304,2050,year-round
2050092308,2050,year-round
2050092312,2050,year-round
2050092316,2050,year-round
2050092320,2050,year-round
2050092400,2050,year-round
2050092404,2050,year-round
2050092408,2050,year-round
2050092412,2050,year-round
2050092416,2050,year-round
2050092420,2050,year-round
2050092500,2050,year-round
2050092504,2050,year-round
2050092508,2050,year-round
2050092512,2050,year-round
2050092516,2050,year-round
2050092520,2050,year-round
2050092600,2050,year-round
2050092604,2050,year-round
2050092608,2050,year-round
2050092612,2050,year-round
2050092616,2050,year-round
2050092620,2050,year-round
2050092700,2050,year-round
2050092704,2050,year-round
2050092708,2050,year-round
2050092712,2050,year-round
2050092716,2050,year-round
2050092720,2050,year-round
2050092800,2050,year-round
2050092804,2050,year-round
2050092808,2050,year-round
2050092812,2050,year-round
2050092816,2050,year-round
2050092820,2050,year-round
2050092900,2050,year-round
2050092904,2050,year-round
2050092908,2050,year-round
2050092912,2050,year-round
2050092916,2050,year-round
2050092920,2050,year-round
2050093000,2050,year-round
2050093004,2050,year-round
2050093008,2050,year-round
2050093012,2050,year-round
2050093016,2050,year-round
2050093020,2050,year-round
2050100100,2050,year-round
2050100104,2050,year-round
2050100108,2050,year-round
2050100112,2050,year-round
2050100116,2050,year-round
2050100120,2050,year-round
2050100200,2050,year-round
2050100204,2050,year-round
2050100208,2050,year-round
2050100212,2050,year-round
2050100216,2050,year-round
2050100220,2050,year-round
2050100300,2050,year-round
2050100304,2050,year-round
2050100308,2050,year-round
2050100312,2050,year-round
2050100316,2050,year-round
2050100320,2050,year-round
2050100400,2050,year-round
2050100404,2050,year-round
2050100408,2050,year-round
2050100412,2050,year-round
2050100416,2050,year-round
2050100420,2050,year-round
2050100500,2050,year-round
2050100504,2050,year-round
2050100508,2050,year-round
2050100512,2050,year-round
2050100516,2050,year-round
2050100520,2050,year-round
2050100600,2050,year-round
2050100604,2050,year-round
2050100608,2050,year-round
2050100612,2050,year-round
2050100616,2050,year-round
2050100620,2050,year-round
2050100700,2050,year-round
2050100704,2050,year-round
2050100708,2050,year-round
2050100712,2050,year-round
2050100716,2050,year-round
2050100720,2050,year-round
2050100800,2050,year-round
2050100804,2050,year-round
2050100808,2050,year-round
2050100812,2050,year-round
2050100816,2050,year-round
2050100820,2050,year-round
2050100900,2050,year-round
2050100904,2050,year-round
2050100908,2050,year-round
2050100912,2050,year-round
2050100916,2050,year-round
2050100920,2050,year-round
2050101000,2050,year-round
2050101004,2050,year-round
2050101008,2050,year-round
2050101012,2050,year-round
2050101016,2050,year-round
2050101020,2050,year-round
2050101100,2050,year-round
2050101104,2050,year-round
2050101108,2050,year-round
2050101112,2050,year-round
2050101116,2050,year-round
2050101120,2050,year-round
2050101200,2050,year-round
2050101204,2050,year-round
2050101208,2050,year-round
2050101212,2050,year-round
2050101216,2050,year-round
2050101220,2050,year-round
2050101300,2050,year-round
2050101304,2050,year-round
2050101308,2050,year-round
2050101312,2050,year-round
2050101316,2050,year-round
2050101320,2050,year-round
2050101400,2050,year-round
2050101404,2050,year-round
2050101408,2050,year-round
2050101412,2050,year-round
2050101416,2050,year-round
2050101420,2050,year-round
2050101500,2050,year-round
2050101504,2050,year-round
2050101508,2050,year-round
2050101512,2050,year-round
2050101516,2050,year-round
2050101520,2050,year-round
2050101600,2050,year-round
2050101604,2050,year-round
2050101608,2050,year-round
2050101612,2050,year-round
2050101616,2050,year-round
2050101620,2050,year-round
2050101700,2050,year-round
2050101704,2050,year-round
2050101708,2050,year-round
2050101712,2050,year-round
2050101716,2050,year-round
2050101720,2050,year-round
2050101800,2050,year-round
2050101804,2050,year-round
2050101808,2050,year-round
2050101812,2050,year-round
2050101816,2050,year-round
2050101820,2050,year-round
2050101900,2050,year-round
2050101904,2050,year-round
2050101908,2050,year-round
2050101912,2050,year-round
2050101916,2050,year-round
2050101920,2050,year-round
2050102000,2050,year-round
2050102004,2050,year-round
2050102008,2050,year-round
2050102012,2050,year-round
2050102016,2050,year-round
2050102020,2050,year-round
2050102100,2050,year-round
2050102104,2050,year-round
2050102108,2050,year-round
2050102112,2050,year-round
2050102116,2050,year-round
2050102120,2050,year-round
2050102200,2050,year-round
2050102204,2050,year-round
2050102208,2050,year-round
2050102212,2050,year-round
2050102216,2050,year-round
2050102220,2050,year-round
2050102300,2050,year-round
2050102304,2050,year-round
2050102308,2050,year-round
2050102312,2050,year-round
2050102316,2050,year-round
2050102320,2050,year-round
2050102400,2050,year-round
2050102404,2050,year-round
2050102408,2050,year-round
2050102412,2050,year-round
2050102416,2050,year-round
2050102420,2050,year-round
2050102500,2050,year-round
2050102504,2050,year-round
2050102508,2050,year-round
2050102512,2050,year-round
2050102516,2050,year-round
2050102520,2050,year-round
2050102600,2050,year-round
2050102604,2050,year-round
2050102608,2050,year-round
2050102612,2050,year-round
2050102616,2050,year-round
2050102620,2050,year-round
2050102700,2050,year-round
2050102704,2050,year-round
2050102708,2050,year-round
2050102712,2050,year-round
2050102716,2050,year-round
2050102720,2050,year-round
2050102800,2050,year-round
2050102804,2050,year-round
2050102808,2050,year-round
2050102812,2050,year-round
2050102816,2050,year-round
2050102820,2050,year-round
2050102900,2050,year-round
2050102904,2050,year-round
2050102908,2050,year-round
2050102912,2050,year-round
2050102916,2050,year-round
2050102920,2050,year-round
2050103000,2050,year-round
2050103004,2050,year-round
2050103008,2050,year-round
2050103012,2050,year-round
2050103016,2050,year-round
2050103020,2050,year-round
2050103100,2050,year-round
2050103104,2050,year-round
2050103108,2050,year-round
2050103112,2050,year-round
2050103116,2050,year-round
2050103120,2050,year-round
2050110100,2050,year-round
2050110104,2050,year-round
2050110108,2050,year-round
2050110112,2050,year-round
2050110116,2050,year-round
2050110120,2050,year-round
2050110200,2050,year-round
2050110204,2050,year-round
2050110208,2050,year-round
2050110212,2050,year-round
2050110216,2050,year-round
2050110220,2050,year-round
2050110300,2050,year-round
2050110304,2050,year-round
2050110308,2050,year-round
2050110312,2050,year-round
2050110316,2050,year-round
2050110320,2050,year-round
2050110400,2050,year-round
2050110404,2050,year-round
2050110408,2050,year-round
2050110412,2050,year-round
2050110416,2050,year-round
2050110420,2050,year-round
2050110500,2050,year-round
2050110504,2050,year-round
2050110508,2050,year-round
2050110512,2050,year-round
2050110516,2050,year-round
2050110520,2050,year-round
2050110600,2050,year-round
2050110604,2050,year-round
2050110608,2050,year-round
2050110612,2050,year-round
2050110616,2050,year-round
2050110620,2050,year-round
2050110700,2050,year-round
2050110704,2050,year-round
2050110708,2050,year-round
2050110712,2050,year-round
2050110716,2050,year-round
2050110720,2050,year-round
2050110800,2050,year-round
2050110804,2050,year-round
2050110808,2050,year-round
2050110812,2050,year-round
2050110816,2050,year-round
2050110820,2050,year-round
2050110900,2050,year-round
2050110904,2050,year-round
2050110908,2050,year-round
2050110912,2050,year-round
2050110916,2050,year-round
2050110920,2050,year-round
2050111000,2050,year-round
2050111004,2050,year-round
2050111008,2050,year-round
2050111012,2050,year-round
2050111016,2050,year-round
2050111020,2050,year-round
2050111100,2050,year-round
2050111104,2050,year-round
2050111108,2050,year-round
2050111112,2050,year-round
2050111116,2050,year-round
2050111120,2050,year-round
2050111200,2050,year-round
2050111204,2050,year-round
2050111208,2050,year-round
2050111212,2050,year-round
2050111216,2050,year-round
2050111220,2050,year-round
2050111300,2050,year-round
2050111304,2050,year-round
2050111308,2050,year-round
2050111312,2050,year-round
2050111316,2050,year-round
2050111320,2050,year-round
2050111400,2050,year-round
2050111404,2050,year-round
2050111408,2050,year-round
2050111412,2050,year-round
2050111416,2050,year-round
2050111420,2050,year-round
2050111500,2050,year-round
2050111504,2050,year-round
2050111508,2050,year-round
2050111512,2050,year-round
2050111516,2050,year-round
2050111520,2050,year-round
2050111600,2050,year-round
2050111604,2050,year-round
2050111608,2050,year-round
2050111612,2050,year-round
2050111616,2050,year-round
2050111620,2050,year-round
2050111700,2050,year-round
2050111704,2050,year-round
2050111708,2050,year-round
2050111712,2050,year-round
2050111716,2050,year-round
2050111720,2050,year-round
2050111800,2050,year-round
2050111804,2050,year-round
2050111808,2050,year-round
2050111812,2050,year-round
2050111816,2050,year-round
2050111820,2050,year-round
2050111900,2050,year-round
2050111904,2050,year-round
2050111908,2050,year-round
2050111912,2050,year-round
2050111916,2050,year-round
2050111920,2050,year-round
2050112000,2050,year-round
2050112004,2050,year-round
2050112008,2050,year-round
2050112012,2050,year-round
2050112016,2050,year-round
2050112020,2050,year-round
2050112100,2050,year-round
2050112104,2050,year-round
2050112108,2050,year-round
2050112112,2050,year-round
2050112116,2050,year-round
2050112120,2050,year-round
2050112200,2050,year-round
2050112204,2050,year-round
2050112208,2050,year-round
2050112212,2050,year-round
2050112216,2050,year-round
2050112220,2050,year-round
2050112300,2050,year-round
2050112304,2050,year-round
2050112308,2050,year-round
2050112312,2050,year-round
2050112316,2050,year-round
2050112320,2050,year-round
2050112400,2050,year-round
2050112404,2050,year-round
2050112408,2050,year-round
2050112412,2050,year-round
2050112416,2050,year-round
2050112420,2050,year-round
2050112500,2050,year-round
2050112504,2050,year-round
2050112508,2050,year-round
2050112512,2050,year-round
2050112516,2050,year-round
2050112520,2050,year-round
2050112600,2050,year-round
2050112604,2050,year-round
2050112608,2050,year-round
2050112612,2050,year-round
2050112616,2050,year-round
2050112620,2050,year-round
2050112700,2050,year-round
2050112704,2050,year-round
2050112708,2050,year-round
2050112712,2050,year-round
2050112716,2050,year-round
2050112720,2050,year-round
2050112800,2050,year-round
2050112804,2050,year-round
2050112808,2050,year-round
2050112812,2050,year-round
2050112816,2050,year-round
2050112820,2050,year-round
2050112900,2050,year-round
2050112904,2050,year-round
2050112908,2050,year-round
2050112912,2050,year-round
2050112916,2050,year-round
2050112920,2050,year-round
2050113000,2050,year-round
2050113004,2050,year-round
2050113008,2050,year-round
2050113012,2050,year-round
2050113016,2050,year-round
2050113020,2050,year-round
2050120100,2050,year-round
2050120104,2050,year-round
2050120108,2050,year-round
2050120112,2050,year-round
2050120116,2050,year-round
2050120120,2050,year-round
2050120200,2050,year-round
2050120204,2050,year-round
2050120208,2050,year-round
2050120212,2050,year-round
2050120216,2050,year-round
2050120220,2050,year-round
2050120300,2050,year-round
2050120304,2050,year-round
2050120308,2050,year-round
2050120312,2050,year-round
2050120316,2050,year-round
2050120320,2050,year-round
2050120400,2050,year-round
2050120404,2050,year-round
2050120408,2050,year-round
2050120412,2050,year-round
2050120416,2050,year-round
2050120420,2050,year-round
2050120500,2050,year-round
2050120504,2050,year-round
2050120508,2050,year-round
2050120512,2050,year-round
2050120516,2050,year-round
2050120520,2050,year-round
2050120600,2050,year-round
2050120604,2050,year-round
2050120608,2050,year-round
2050120612,2050,year-round
2050120616,2050,year-round
2050120620,2050,year-round
2050120700,2050,year-round
2050120704,2050,year-round
2050120708,2050,year-round
2050120712,2050,year-round
2050120716,2050,year-round
2050120720,2050,year-round
2050120800,2050,year-round
2050120804,2050,year-round
2050120808,2050,year-round
2050120812,2050,year-round
2050120816,2050,year-round
2050120820,2050,year-round
2050120900,2050,year-round
2050120904,2050,year-round
2050120908,2050,year-round
2050120912,2050,year-round
2050120916,2050,year-round
2050120920,2050,year-round
2050121000,2050,year-round
2050121004,2050,year-round
2050121008,2050,year-round
2050121012,2050,year-round
2050121016,2050,year-round
2050121020,2050,year-round
2050121100,2050,year-round
2050121104,2050,year-round
2050121108,2050,year-round
2050121112,2050,year-round
2050121116,2050,year-round
2050121120,2050,year-round
2050121200,2050,year-round
2050121204,2050,year-round
2050121208,2050,year-round
2050121212,2050,year-round
2050121216,2050,year-round
2050121220,2050,year-round
2050121300,2050,year-round
2050121304,2050,year-round
2050121308,2050,year-round
2050121312,2050,year-round
2050121316,2050,year-round
2050121320,2050,year-round
2050121400,2050,year-round
2050121404,2050,year-round
2050121408,2050,year-round
2050121412,2050,year-round
2050121416,2050,year-round
2050121420,2050,year-round
2050121500,2050,year-round
2050121504,2050,year-round
2050121508,2050,year-round
2050121512,2050,year-round
2050121516,2050,year-round
2050121520,2050,year-round
2050121600,2050,year-round
2050121604,2050,year-round
2050121608,2050,year-round
2050121612,2050,year-round
2050121616,2050,year-round
2050121620,2050,year-round
2050121700,2050,year-round
2050121704,2050,year-round
2050121708,2050,year-round
2050121712,2050,year-round
2050121716,2050,year-round
2050121720,2050,year-round
2050121800,2050,year-round
2050121804,2050,year-round
2050121808,2050,year-round
2050121812,2050,year-round
2050121816,2050,year-round
2050121820,2050,year-round
2050121900,2050,year-round
2050121904,2050,year-round
2050121908,2050,year-round
2050121912,2050,year-round
2050121916,2050,year-round
2050121920,2050,year-round
2050122000,2050,year-round
2050122004,2050,year-round
2050122008,2050,year-round
2050122012,2050,year-round
2050122016,2050,year-round
2050122020,2050,year-round
2050122100,2050,year-round
2050122104,2050,year-round
2050122108,2050,year-round
2050122112,2050,year-round
2050122116,2050,year-round
2050122120,2050,year-round
2050122200,2050,year-round
2050122204,2050,year-round
2050122208,2050,year-round
2050122212,2050,year-round
2050122216,2050,year-round
2050122220,2050,year-round
2050122300,2050,year-round
2050122304,2050,year-round
2050122308,2050,year-round
2050122312,2050,year-round
2050122316,2050,year-round
2050122320,2050,year-round
2050122400,2050,year-round
2050122404,2050,year-round
2050122408,2050,year-round
2050122412,2050,year-round
2050122416,2050,year-round
2050122420,2050,year-round
2050122500,2050,year-round
2050122504,2050,year-round
2050122508,2050,year-round
2050122512,2050,year-round
2050122516,2050,year-round
2050122520,2050,year-round
2050122600,2050,year-round
2050122604,2050,year-round
2050122608,2050,year-round
2050122612,2050,year-round
2050122616,2050,year-round
2050122620,2050,year-round
2050122700,2050,year-round
2050122704,2050,year-round
2050122708,2050,year-round
2050122712,2050,year-round
2050122716,2050,year-round
2050122720,2050,year-round
2050122800,2050,year-round
2050122804,2050,year-round
2050122808,2050,year-round
2050122812,2050,year-round
2050122816,2050,year-round
2050122820,2050,year-round
2050122900,2050,year-round
2050122904,2050,year-round
2050122908,2050,year-round
2050122912,2050,year-round
2050122916,2050,year-round
2050122920,2050,year-round
2050123000,2050,year-round
2050123004,2050,year-round
2050123008,2050,year-round
2050123012,2050,year-round
2050123016,2050,year-round
2050123020,2050,year-round
2050123100,2050,year-round
2050123104,2050,year-round
2050123108,2050,year-round
2050123112,2050,year-round
2050123116,2050,year-round
2050123120,2050,year-round
