timepoint_id,tp_to_hts
350664,2050_M1
350668,2050_M1
350672,2050_M1
350676,2050_M1
350680,2050_M1
350684,2050_M1
350688,2050_M1
350692,2050_M1
350696,2050_M1
350700,2050_M1
350704,2050_M1
350708,2050_M1
350712,2050_M1
350716,2050_M1
350720,2050_M1
350724,2050_M1
350728,2050_M1
350732,2050_M1
350736,2050_M1
350740,2050_M1
350744,2050_M1
350748,2050_M1
350752,2050_M1
350756,2050_M1
350760,2050_M1
350764,2050_M1
350768,2050_M1
350772,2050_M1
350776,2050_M1
350780,2050_M1
350784,2050_M1
350788,2050_M1
350792,2050_M1
350796,2050_M1
350800,2050_M1
350804,2050_M1
350808,2050_M1
350812,2050_M1
350816,2050_M1
350820,2050_M1
350824,2050_M1
350828,2050_M1
350832,2050_M1
350836,2050_M1
350840,2050_M1
350844,2050_M1
350848,2050_M1
350852,2050_M1
350856,2050_M1
350860,2050_M1
350864,2050_M1
350868,2050_M1
350872,2050_M1
350876,2050_M1
350880,2050_M1
350884,2050_M1
350888,2050_M1
350892,2050_M1
350896,2050_M1
350900,2050_M1
350904,2050_M1
350908,2050_M1
350912,2050_M1
350916,2050_M1
350920,2050_M1
350924,2050_M1
350928,2050_M1
350932,2050_M1
350936,2050_M1
350940,2050_M1
350944,2050_M1
350948,2050_M1
350952,2050_M1
350956,2050_M1
350960,2050_M1
350964,2050_M1
350968,2050_M1
350972,2050_M1
350976,2050_M1
350980,2050_M1
350984,2050_M1
350988,2050_M1
350992,2050_M1
350996,2050_M1
351000,2050_M1
351004,2050_M1
351008,2050_M1
351012,2050_M1
351016,2050_M1
351020,2050_M1
351024,2050_M1
351028,2050_M1
351032,2050_M1
351036,2050_M1
351040,2050_M1
351044,2050_M1
351048,2050_M1
351052,2050_M1
351056,2050_M1
351060,2050_M1
351064,2050_M1
351068,2050_M1
351072,2050_M1
351076,2050_M1
351080,2050_M1
351084,2050_M1
351088,2050_M1
351092,2050_M1
351096,2050_M1
351100,2050_M1
351104,2050_M1
351108,2050_M1
351112,2050_M1
351116,2050_M1
351120,2050_M1
351124,2050_M1
351128,2050_M1
351132,2050_M1
351136,2050_M1
351140,2050_M1
351144,2050_M1
351148,2050_M1
351152,2050_M1
351156,2050_M1
351160,2050_M1
351164,2050_M1
351168,2050_M1
351172,2050_M1
351176,2050_M1
351180,2050_M1
351184,2050_M1
351188,2050_M1
351192,2050_M1
351196,2050_M1
351200,2050_M1
351204,2050_M1
351208,2050_M1
351212,2050_M1
351216,2050_M1
351220,2050_M1
351224,2050_M1
351228,2050_M1
351232,2050_M1
351236,2050_M1
351240,2050_M1
351244,2050_M1
351248,2050_M1
351252,2050_M1
351256,2050_M1
351260,2050_M1
351264,2050_M1
351268,2050_M1
351272,2050_M1
351276,2050_M1
351280,2050_M1
351284,2050_M1
351288,2050_M1
351292,2050_M1
351296,2050_M1
351300,2050_M1
351304,2050_M1
351308,2050_M1
351312,2050_M1
351316,2050_M1
351320,2050_M1
351324,2050_M1
351328,2050_M1
351332,2050_M1
351336,2050_M1
351340,2050_M1
351344,2050_M1
351348,2050_M1
351352,2050_M1
351356,2050_M1
351360,2050_M1
351364,2050_M1
351368,2050_M1
351372,2050_M1
351376,2050_M1
351380,2050_M1
351384,2050_M2
351388,2050_M2
351392,2050_M2
351396,2050_M2
351400,2050_M2
351404,2050_M2
351408,2050_M2
351412,2050_M2
351416,2050_M2
351420,2050_M2
351424,2050_M2
351428,2050_M2
351432,2050_M2
351436,2050_M2
351440,2050_M2
351444,2050_M2
351448,2050_M2
351452,2050_M2
351456,2050_M2
351460,2050_M2
351464,2050_M2
351468,2050_M2
351472,2050_M2
351476,2050_M2
351480,2050_M2
351484,2050_M2
351488,2050_M2
351492,2050_M2
351496,2050_M2
351500,2050_M2
351504,2050_M2
351508,2050_M2
351512,2050_M2
351516,2050_M2
351520,2050_M2
351524,2050_M2
351528,2050_M2
351532,2050_M2
351536,2050_M2
351540,2050_M2
351544,2050_M2
351548,2050_M2
351552,2050_M2
351556,2050_M2
351560,2050_M2
351564,2050_M2
351568,2050_M2
351572,2050_M2
351576,2050_M2
351580,2050_M2
351584,2050_M2
351588,2050_M2
351592,2050_M2
351596,2050_M2
351600,2050_M2
351604,2050_M2
351608,2050_M2
351612,2050_M2
351616,2050_M2
351620,2050_M2
351624,2050_M2
351628,2050_M2
351632,2050_M2
351636,2050_M2
351640,2050_M2
351644,2050_M2
351648,2050_M2
351652,2050_M2
351656,2050_M2
351660,2050_M2
351664,2050_M2
351668,2050_M2
351672,2050_M2
351676,2050_M2
351680,2050_M2
351684,2050_M2
351688,2050_M2
351692,2050_M2
351696,2050_M2
351700,2050_M2
351704,2050_M2
351708,2050_M2
351712,2050_M2
351716,2050_M2
351720,2050_M2
351724,2050_M2
351728,2050_M2
351732,2050_M2
351736,2050_M2
351740,2050_M2
351744,2050_M2
351748,2050_M2
351752,2050_M2
351756,2050_M2
351760,2050_M2
351764,2050_M2
351768,2050_M2
351772,2050_M2
351776,2050_M2
351780,2050_M2
351784,2050_M2
351788,2050_M2
351792,2050_M2
351796,2050_M2
351800,2050_M2
351804,2050_M2
351808,2050_M2
351812,2050_M2
351816,2050_M2
351820,2050_M2
351824,2050_M2
351828,2050_M2
351832,2050_M2
351836,2050_M2
351840,2050_M2
351844,2050_M2
351848,2050_M2
351852,2050_M2
351856,2050_M2
351860,2050_M2
351864,2050_M2
351868,2050_M2
351872,2050_M2
351876,2050_M2
351880,2050_M2
351884,2050_M2
351888,2050_M2
351892,2050_M2
351896,2050_M2
351900,2050_M2
351904,2050_M2
351908,2050_M2
351912,2050_M2
351916,2050_M2
351920,2050_M2
351924,2050_M2
351928,2050_M2
351932,2050_M2
351936,2050_M2
351940,2050_M2
351944,2050_M2
351948,2050_M2
351952,2050_M2
351956,2050_M2
351960,2050_M2
351964,2050_M2
351968,2050_M2
351972,2050_M2
351976,2050_M2
351980,2050_M2
351984,2050_M2
351988,2050_M2
351992,2050_M2
351996,2050_M2
352000,2050_M2
352004,2050_M2
352008,2050_M2
352012,2050_M2
352016,2050_M2
352020,2050_M2
352024,2050_M2
352028,2050_M2
352032,2050_M2
352036,2050_M2
352040,2050_M2
352044,2050_M2
352048,2050_M2
352052,2050_M2
352056,2050_M3
352060,2050_M3
352064,2050_M3
352068,2050_M3
352072,2050_M3
352076,2050_M3
352080,2050_M3
352084,2050_M3
352088,2050_M3
352092,2050_M3
352096,2050_M3
352100,2050_M3
352104,2050_M3
352108,2050_M3
352112,2050_M3
352116,2050_M3
352120,2050_M3
352124,2050_M3
352128,2050_M3
352132,2050_M3
352136,2050_M3
352140,2050_M3
352144,2050_M3
352148,2050_M3
352152,2050_M3
352156,2050_M3
352160,2050_M3
352164,2050_M3
352168,2050_M3
352172,2050_M3
352176,2050_M3
352180,2050_M3
352184,2050_M3
352188,2050_M3
352192,2050_M3
352196,2050_M3
352200,2050_M3
352204,2050_M3
352208,2050_M3
352212,2050_M3
352216,2050_M3
352220,2050_M3
352224,2050_M3
352228,2050_M3
352232,2050_M3
352236,2050_M3
352240,2050_M3
352244,2050_M3
352248,2050_M3
352252,2050_M3
352256,2050_M3
352260,2050_M3
352264,2050_M3
352268,2050_M3
352272,2050_M3
352276,2050_M3
352280,2050_M3
352284,2050_M3
352288,2050_M3
352292,2050_M3
352296,2050_M3
352300,2050_M3
352304,2050_M3
352308,2050_M3
352312,2050_M3
352316,2050_M3
352320,2050_M3
352324,2050_M3
352328,2050_M3
352332,2050_M3
352336,2050_M3
352340,2050_M3
352344,2050_M3
352348,2050_M3
352352,2050_M3
352356,2050_M3
352360,2050_M3
352364,2050_M3
352368,2050_M3
352372,2050_M3
352376,2050_M3
352380,2050_M3
352384,2050_M3
352388,2050_M3
352392,2050_M3
352396,2050_M3
352400,2050_M3
352404,2050_M3
352408,2050_M3
352412,2050_M3
352416,2050_M3
352420,2050_M3
352424,2050_M3
352428,2050_M3
352432,2050_M3
352436,2050_M3
352440,2050_M3
352444,2050_M3
352448,2050_M3
352452,2050_M3
352456,2050_M3
352460,2050_M3
352464,2050_M3
352468,2050_M3
352472,2050_M3
352476,2050_M3
352480,2050_M3
352484,2050_M3
352488,2050_M3
352492,2050_M3
352496,2050_M3
352500,2050_M3
352504,2050_M3
352508,2050_M3
352512,2050_M3
352516,2050_M3
352520,2050_M3
352524,2050_M3
352528,2050_M3
352532,2050_M3
352536,2050_M3
352540,2050_M3
352544,2050_M3
352548,2050_M3
352552,2050_M3
352556,2050_M3
352560,2050_M3
352564,2050_M3
352568,2050_M3
352572,2050_M3
352576,2050_M3
352580,2050_M3
352584,2050_M3
352588,2050_M3
352592,2050_M3
352596,2050_M3
352600,2050_M3
352604,2050_M3
352608,2050_M3
352612,2050_M3
352616,2050_M3
352620,2050_M3
352624,2050_M3
352628,2050_M3
352632,2050_M3
352636,2050_M3
352640,2050_M3
352644,2050_M3
352648,2050_M3
352652,2050_M3
352656,2050_M3
352660,2050_M3
352664,2050_M3
352668,2050_M3
352672,2050_M3
352676,2050_M3
352680,2050_M3
352684,2050_M3
352688,2050_M3
352692,2050_M3
352696,2050_M3
352700,2050_M3
352704,2050_M3
352708,2050_M3
352712,2050_M3
352716,2050_M3
352720,2050_M3
352724,2050_M3
352728,2050_M3
352732,2050_M3
352736,2050_M3
352740,2050_M3
352744,2050_M3
352748,2050_M3
352752,2050_M3
352756,2050_M3
352760,2050_M3
352764,2050_M3
352768,2050_M3
352772,2050_M3
352776,2050_M3
352780,2050_M3
352784,2050_M3
352788,2050_M3
352792,2050_M3
352796,2050_M3
352800,2050_M4
352804,2050_M4
352808,2050_M4
352812,2050_M4
352816,2050_M4
352820,2050_M4
352824,2050_M4
352828,2050_M4
352832,2050_M4
352836,2050_M4
352840,2050_M4
352844,2050_M4
352848,2050_M4
352852,2050_M4
352856,2050_M4
352860,2050_M4
352864,2050_M4
352868,2050_M4
352872,2050_M4
352876,2050_M4
352880,2050_M4
352884,2050_M4
352888,2050_M4
352892,2050_M4
352896,2050_M4
352900,2050_M4
352904,2050_M4
352908,2050_M4
352912,2050_M4
352916,2050_M4
352920,2050_M4
352924,2050_M4
352928,2050_M4
352932,2050_M4
352936,2050_M4
352940,2050_M4
352944,2050_M4
352948,2050_M4
352952,2050_M4
352956,2050_M4
352960,2050_M4
352964,2050_M4
352968,2050_M4
352972,2050_M4
352976,2050_M4
352980,2050_M4
352984,2050_M4
352988,2050_M4
352992,2050_M4
352996,2050_M4
353000,2050_M4
353004,2050_M4
353008,2050_M4
353012,2050_M4
353016,2050_M4
353020,2050_M4
353024,2050_M4
353028,2050_M4
353032,2050_M4
353036,2050_M4
353040,2050_M4
353044,2050_M4
353048,2050_M4
353052,2050_M4
353056,2050_M4
353060,2050_M4
353064,2050_M4
353068,2050_M4
353072,2050_M4
353076,2050_M4
353080,2050_M4
353084,2050_M4
353088,2050_M4
353092,2050_M4
353096,2050_M4
353100,2050_M4
353104,2050_M4
353108,2050_M4
353112,2050_M4
353116,2050_M4
353120,2050_M4
353124,2050_M4
353128,2050_M4
353132,2050_M4
353136,2050_M4
353140,2050_M4
353144,2050_M4
353148,2050_M4
353152,2050_M4
353156,2050_M4
353160,2050_M4
353164,2050_M4
353168,2050_M4
353172,2050_M4
353176,2050_M4
353180,2050_M4
353184,2050_M4
353188,2050_M4
353192,2050_M4
353196,2050_M4
353200,2050_M4
353204,2050_M4
353208,2050_M4
353212,2050_M4
353216,2050_M4
353220,2050_M4
353224,2050_M4
353228,2050_M4
353232,2050_M4
353236,2050_M4
353240,2050_M4
353244,2050_M4
353248,2050_M4
353252,2050_M4
353256,2050_M4
353260,2050_M4
353264,2050_M4
353268,2050_M4
353272,2050_M4
353276,2050_M4
353280,2050_M4
353284,2050_M4
353288,2050_M4
353292,2050_M4
353296,2050_M4
353300,2050_M4
353304,2050_M4
353308,2050_M4
353312,2050_M4
353316,2050_M4
353320,2050_M4
353324,2050_M4
353328,2050_M4
353332,2050_M4
353336,2050_M4
353340,2050_M4
353344,2050_M4
353348,2050_M4
353352,2050_M4
353356,2050_M4
353360,2050_M4
353364,2050_M4
353368,2050_M4
353372,2050_M4
353376,2050_M4
353380,2050_M4
353384,2050_M4
353388,2050_M4
353392,2050_M4
353396,2050_M4
353400,2050_M4
353404,2050_M4
353408,2050_M4
353412,2050_M4
353416,2050_M4
353420,2050_M4
353424,2050_M4
353428,2050_M4
353432,2050_M4
353436,2050_M4
353440,2050_M4
353444,2050_M4
353448,2050_M4
353452,2050_M4
353456,2050_M4
353460,2050_M4
353464,2050_M4
353468,2050_M4
353472,2050_M4
353476,2050_M4
353480,2050_M4
353484,2050_M4
353488,2050_M4
353492,2050_M4
353496,2050_M4
353500,2050_M4
353504,2050_M4
353508,2050_M4
353512,2050_M4
353516,2050_M4
353520,2050_M5
353524,2050_M5
353528,2050_M5
353532,2050_M5
353536,2050_M5
353540,2050_M5
353544,2050_M5
353548,2050_M5
353552,2050_M5
353556,2050_M5
353560,2050_M5
353564,2050_M5
353568,2050_M5
353572,2050_M5
353576,2050_M5
353580,2050_M5
353584,2050_M5
353588,2050_M5
353592,2050_M5
353596,2050_M5
353600,2050_M5
353604,2050_M5
353608,2050_M5
353612,2050_M5
353616,2050_M5
353620,2050_M5
353624,2050_M5
353628,2050_M5
353632,2050_M5
353636,2050_M5
353640,2050_M5
353644,2050_M5
353648,2050_M5
353652,2050_M5
353656,2050_M5
353660,2050_M5
353664,2050_M5
353668,2050_M5
353672,2050_M5
353676,2050_M5
353680,2050_M5
353684,2050_M5
353688,2050_M5
353692,2050_M5
353696,2050_M5
353700,2050_M5
353704,2050_M5
353708,2050_M5
353712,2050_M5
353716,2050_M5
353720,2050_M5
353724,2050_M5
353728,2050_M5
353732,2050_M5
353736,2050_M5
353740,2050_M5
353744,2050_M5
353748,2050_M5
353752,2050_M5
353756,2050_M5
353760,2050_M5
353764,2050_M5
353768,2050_M5
353772,2050_M5
353776,2050_M5
353780,2050_M5
353784,2050_M5
353788,2050_M5
353792,2050_M5
353796,2050_M5
353800,2050_M5
353804,2050_M5
353808,2050_M5
353812,2050_M5
353816,2050_M5
353820,2050_M5
353824,2050_M5
353828,2050_M5
353832,2050_M5
353836,2050_M5
353840,2050_M5
353844,2050_M5
353848,2050_M5
353852,2050_M5
353856,2050_M5
353860,2050_M5
353864,2050_M5
353868,2050_M5
353872,2050_M5
353876,2050_M5
353880,2050_M5
353884,2050_M5
353888,2050_M5
353892,2050_M5
353896,2050_M5
353900,2050_M5
353904,2050_M5
353908,2050_M5
353912,2050_M5
353916,2050_M5
353920,2050_M5
353924,2050_M5
353928,2050_M5
353932,2050_M5
353936,2050_M5
353940,2050_M5
353944,2050_M5
353948,2050_M5
353952,2050_M5
353956,2050_M5
353960,2050_M5
353964,2050_M5
353968,2050_M5
353972,2050_M5
353976,2050_M5
353980,2050_M5
353984,2050_M5
353988,2050_M5
353992,2050_M5
353996,2050_M5
354000,2050_M5
354004,2050_M5
354008,2050_M5
354012,2050_M5
354016,2050_M5
354020,2050_M5
354024,2050_M5
354028,2050_M5
354032,2050_M5
354036,2050_M5
354040,2050_M5
354044,2050_M5
354048,2050_M5
354052,2050_M5
354056,2050_M5
354060,2050_M5
354064,2050_M5
354068,2050_M5
354072,2050_M5
354076,2050_M5
354080,2050_M5
354084,2050_M5
354088,2050_M5
354092,2050_M5
354096,2050_M5
354100,2050_M5
354104,2050_M5
354108,2050_M5
354112,2050_M5
354116,2050_M5
354120,2050_M5
354124,2050_M5
354128,2050_M5
354132,2050_M5
354136,2050_M5
354140,2050_M5
354144,2050_M5
354148,2050_M5
354152,2050_M5
354156,2050_M5
354160,2050_M5
354164,2050_M5
354168,2050_M5
354172,2050_M5
354176,2050_M5
354180,2050_M5
354184,2050_M5
354188,2050_M5
354192,2050_M5
354196,2050_M5
354200,2050_M5
354204,2050_M5
354208,2050_M5
354212,2050_M5
354216,2050_M5
354220,2050_M5
354224,2050_M5
354228,2050_M5
354232,2050_M5
354236,2050_M5
354240,2050_M5
354244,2050_M5
354248,2050_M5
354252,2050_M5
354256,2050_M5
354260,2050_M5
354264,2050_M6
354268,2050_M6
354272,2050_M6
354276,2050_M6
354280,2050_M6
354284,2050_M6
354288,2050_M6
354292,2050_M6
354296,2050_M6
354300,2050_M6
354304,2050_M6
354308,2050_M6
354312,2050_M6
354316,2050_M6
354320,2050_M6
354324,2050_M6
354328,2050_M6
354332,2050_M6
354336,2050_M6
354340,2050_M6
354344,2050_M6
354348,2050_M6
354352,2050_M6
354356,2050_M6
354360,2050_M6
354364,2050_M6
354368,2050_M6
354372,2050_M6
354376,2050_M6
354380,2050_M6
354384,2050_M6
354388,2050_M6
354392,2050_M6
354396,2050_M6
354400,2050_M6
354404,2050_M6
354408,2050_M6
354412,2050_M6
354416,2050_M6
354420,2050_M6
354424,2050_M6
354428,2050_M6
354432,2050_M6
354436,2050_M6
354440,2050_M6
354444,2050_M6
354448,2050_M6
354452,2050_M6
354456,2050_M6
354460,2050_M6
354464,2050_M6
354468,2050_M6
354472,2050_M6
354476,2050_M6
354480,2050_M6
354484,2050_M6
354488,2050_M6
354492,2050_M6
354496,2050_M6
354500,2050_M6
354504,2050_M6
354508,2050_M6
354512,2050_M6
354516,2050_M6
354520,2050_M6
354524,2050_M6
354528,2050_M6
354532,2050_M6
354536,2050_M6
354540,2050_M6
354544,2050_M6
354548,2050_M6
354552,2050_M6
354556,2050_M6
354560,2050_M6
354564,2050_M6
354568,2050_M6
354572,2050_M6
354576,2050_M6
354580,2050_M6
354584,2050_M6
354588,2050_M6
354592,2050_M6
354596,2050_M6
354600,2050_M6
354604,2050_M6
354608,2050_M6
354612,2050_M6
354616,2050_M6
354620,2050_M6
354624,2050_M6
354628,2050_M6
354632,2050_M6
354636,2050_M6
354640,2050_M6
354644,2050_M6
354648,2050_M6
354652,2050_M6
354656,2050_M6
354660,2050_M6
354664,2050_M6
354668,2050_M6
354672,2050_M6
354676,2050_M6
354680,2050_M6
354684,2050_M6
354688,2050_M6
354692,2050_M6
354696,2050_M6
354700,2050_M6
354704,2050_M6
354708,2050_M6
354712,2050_M6
354716,2050_M6
354720,2050_M6
354724,2050_M6
354728,2050_M6
354732,2050_M6
354736,2050_M6
354740,2050_M6
354744,2050_M6
354748,2050_M6
354752,2050_M6
354756,2050_M6
354760,2050_M6
354764,2050_M6
354768,2050_M6
354772,2050_M6
354776,2050_M6
354780,2050_M6
354784,2050_M6
354788,2050_M6
354792,2050_M6
354796,2050_M6
354800,2050_M6
354804,2050_M6
354808,2050_M6
354812,2050_M6
354816,2050_M6
354820,2050_M6
354824,2050_M6
354828,2050_M6
354832,2050_M6
354836,2050_M6
354840,2050_M6
354844,2050_M6
354848,2050_M6
354852,2050_M6
354856,2050_M6
354860,2050_M6
354864,2050_M6
354868,2050_M6
354872,2050_M6
354876,2050_M6
354880,2050_M6
354884,2050_M6
354888,2050_M6
354892,2050_M6
354896,2050_M6
354900,2050_M6
354904,2050_M6
354908,2050_M6
354912,2050_M6
354916,2050_M6
354920,2050_M6
354924,2050_M6
354928,2050_M6
354932,2050_M6
354936,2050_M6
354940,2050_M6
354944,2050_M6
354948,2050_M6
354952,2050_M6
354956,2050_M6
354960,2050_M6
354964,2050_M6
354968,2050_M6
354972,2050_M6
354976,2050_M6
354980,2050_M6
354984,2050_M7
354988,2050_M7
354992,2050_M7
354996,2050_M7
355000,2050_M7
355004,2050_M7
355008,2050_M7
355012,2050_M7
355016,2050_M7
355020,2050_M7
355024,2050_M7
355028,2050_M7
355032,2050_M7
355036,2050_M7
355040,2050_M7
355044,2050_M7
355048,2050_M7
355052,2050_M7
355056,2050_M7
355060,2050_M7
355064,2050_M7
355068,2050_M7
355072,2050_M7
355076,2050_M7
355080,2050_M7
355084,2050_M7
355088,2050_M7
355092,2050_M7
355096,2050_M7
355100,2050_M7
355104,2050_M7
355108,2050_M7
355112,2050_M7
355116,2050_M7
355120,2050_M7
355124,2050_M7
355128,2050_M7
355132,2050_M7
355136,2050_M7
355140,2050_M7
355144,2050_M7
355148,2050_M7
355152,2050_M7
355156,2050_M7
355160,2050_M7
355164,2050_M7
355168,2050_M7
355172,2050_M7
355176,2050_M7
355180,2050_M7
355184,2050_M7
355188,2050_M7
355192,2050_M7
355196,2050_M7
355200,2050_M7
355204,2050_M7
355208,2050_M7
355212,2050_M7
355216,2050_M7
355220,2050_M7
355224,2050_M7
355228,2050_M7
355232,2050_M7
355236,2050_M7
355240,2050_M7
355244,2050_M7
355248,2050_M7
355252,2050_M7
355256,2050_M7
355260,2050_M7
355264,2050_M7
355268,2050_M7
355272,2050_M7
355276,2050_M7
355280,2050_M7
355284,2050_M7
355288,2050_M7
355292,2050_M7
355296,2050_M7
355300,2050_M7
355304,2050_M7
355308,2050_M7
355312,2050_M7
355316,2050_M7
355320,2050_M7
355324,2050_M7
355328,2050_M7
355332,2050_M7
355336,2050_M7
355340,2050_M7
355344,2050_M7
355348,2050_M7
355352,2050_M7
355356,2050_M7
355360,2050_M7
355364,2050_M7
355368,2050_M7
355372,2050_M7
355376,2050_M7
355380,2050_M7
355384,2050_M7
355388,2050_M7
355392,2050_M7
355396,2050_M7
355400,2050_M7
355404,2050_M7
355408,2050_M7
355412,2050_M7
355416,2050_M7
355420,2050_M7
355424,2050_M7
355428,2050_M7
355432,2050_M7
355436,2050_M7
355440,2050_M7
355444,2050_M7
355448,2050_M7
355452,2050_M7
355456,2050_M7
355460,2050_M7
355464,2050_M7
355468,2050_M7
355472,2050_M7
355476,2050_M7
355480,2050_M7
355484,2050_M7
355488,2050_M7
355492,2050_M7
355496,2050_M7
355500,2050_M7
355504,2050_M7
355508,2050_M7
355512,2050_M7
355516,2050_M7
355520,2050_M7
355524,2050_M7
355528,2050_M7
355532,2050_M7
355536,2050_M7
355540,2050_M7
355544,2050_M7
355548,2050_M7
355552,2050_M7
355556,2050_M7
355560,2050_M7
355564,2050_M7
355568,2050_M7
355572,2050_M7
355576,2050_M7
355580,2050_M7
355584,2050_M7
355588,2050_M7
355592,2050_M7
355596,2050_M7
355600,2050_M7
355604,2050_M7
355608,2050_M7
355612,2050_M7
355616,2050_M7
355620,2050_M7
355624,2050_M7
355628,2050_M7
355632,2050_M7
355636,2050_M7
355640,2050_M7
355644,2050_M7
355648,2050_M7
355652,2050_M7
355656,2050_M7
355660,2050_M7
355664,2050_M7
355668,2050_M7
355672,2050_M7
355676,2050_M7
355680,2050_M7
355684,2050_M7
355688,2050_M7
355692,2050_M7
355696,2050_M7
355700,2050_M7
355704,2050_M7
355708,2050_M7
355712,2050_M7
355716,2050_M7
355720,2050_M7
355724,2050_M7
355728,2050_M8
355732,2050_M8
355736,2050_M8
355740,2050_M8
355744,2050_M8
355748,2050_M8
355752,2050_M8
355756,2050_M8
355760,2050_M8
355764,2050_M8
355768,2050_M8
355772,2050_M8
355776,2050_M8
355780,2050_M8
355784,2050_M8
355788,2050_M8
355792,2050_M8
355796,2050_M8
355800,2050_M8
355804,2050_M8
355808,2050_M8
355812,2050_M8
355816,2050_M8
355820,2050_M8
355824,2050_M8
355828,2050_M8
355832,2050_M8
355836,2050_M8
355840,2050_M8
355844,2050_M8
355848,2050_M8
355852,2050_M8
355856,2050_M8
355860,2050_M8
355864,2050_M8
355868,2050_M8
355872,2050_M8
355876,2050_M8
355880,2050_M8
355884,2050_M8
355888,2050_M8
355892,2050_M8
355896,2050_M8
355900,2050_M8
355904,2050_M8
355908,2050_M8
355912,2050_M8
355916,2050_M8
355920,2050_M8
355924,2050_M8
355928,2050_M8
355932,2050_M8
355936,2050_M8
355940,2050_M8
355944,2050_M8
355948,2050_M8
355952,2050_M8
355956,2050_M8
355960,2050_M8
355964,2050_M8
355968,2050_M8
355972,2050_M8
355976,2050_M8
355980,2050_M8
355984,2050_M8
355988,2050_M8
355992,2050_M8
355996,2050_M8
356000,2050_M8
356004,2050_M8
356008,2050_M8
356012,2050_M8
356016,2050_M8
356020,2050_M8
356024,2050_M8
356028,2050_M8
356032,2050_M8
356036,2050_M8
356040,2050_M8
356044,2050_M8
356048,2050_M8
356052,2050_M8
356056,2050_M8
356060,2050_M8
356064,2050_M8
356068,2050_M8
356072,2050_M8
356076,2050_M8
356080,2050_M8
356084,2050_M8
356088,2050_M8
356092,2050_M8
356096,2050_M8
356100,2050_M8
356104,2050_M8
356108,2050_M8
356112,2050_M8
356116,2050_M8
356120,2050_M8
356124,2050_M8
356128,2050_M8
356132,2050_M8
356136,2050_M8
356140,2050_M8
356144,2050_M8
356148,2050_M8
356152,2050_M8
356156,2050_M8
356160,2050_M8
356164,2050_M8
356168,2050_M8
356172,2050_M8
356176,2050_M8
356180,2050_M8
356184,2050_M8
356188,2050_M8
356192,2050_M8
356196,2050_M8
356200,2050_M8
356204,2050_M8
356208,2050_M8
356212,2050_M8
356216,2050_M8
356220,2050_M8
356224,2050_M8
356228,2050_M8
356232,2050_M8
356236,2050_M8
356240,2050_M8
356244,2050_M8
356248,2050_M8
356252,2050_M8
356256,2050_M8
356260,2050_M8
356264,2050_M8
356268,2050_M8
356272,2050_M8
356276,2050_M8
356280,2050_M8
356284,2050_M8
356288,2050_M8
356292,2050_M8
356296,2050_M8
356300,2050_M8
356304,2050_M8
356308,2050_M8
356312,2050_M8
356316,2050_M8
356320,2050_M8
356324,2050_M8
356328,2050_M8
356332,2050_M8
356336,2050_M8
356340,2050_M8
356344,2050_M8
356348,2050_M8
356352,2050_M8
356356,2050_M8
356360,2050_M8
356364,2050_M8
356368,2050_M8
356372,2050_M8
356376,2050_M8
356380,2050_M8
356384,2050_M8
356388,2050_M8
356392,2050_M8
356396,2050_M8
356400,2050_M8
356404,2050_M8
356408,2050_M8
356412,2050_M8
356416,2050_M8
356420,2050_M8
356424,2050_M8
356428,2050_M8
356432,2050_M8
356436,2050_M8
356440,2050_M8
356444,2050_M8
356448,2050_M8
356452,2050_M8
356456,2050_M8
356460,2050_M8
356464,2050_M8
356468,2050_M8
356472,2050_M9
356476,2050_M9
356480,2050_M9
356484,2050_M9
356488,2050_M9
356492,2050_M9
356496,2050_M9
356500,2050_M9
356504,2050_M9
356508,2050_M9
356512,2050_M9
356516,2050_M9
356520,2050_M9
356524,2050_M9
356528,2050_M9
356532,2050_M9
356536,2050_M9
356540,2050_M9
356544,2050_M9
356548,2050_M9
356552,2050_M9
356556,2050_M9
356560,2050_M9
356564,2050_M9
356568,2050_M9
356572,2050_M9
356576,2050_M9
356580,2050_M9
356584,2050_M9
356588,2050_M9
356592,2050_M9
356596,2050_M9
356600,2050_M9
356604,2050_M9
356608,2050_M9
356612,2050_M9
356616,2050_M9
356620,2050_M9
356624,2050_M9
356628,2050_M9
356632,2050_M9
356636,2050_M9
356640,2050_M9
356644,2050_M9
356648,2050_M9
356652,2050_M9
356656,2050_M9
356660,2050_M9
356664,2050_M9
356668,2050_M9
356672,2050_M9
356676,2050_M9
356680,2050_M9
356684,2050_M9
356688,2050_M9
356692,2050_M9
356696,2050_M9
356700,2050_M9
356704,2050_M9
356708,2050_M9
356712,2050_M9
356716,2050_M9
356720,2050_M9
356724,2050_M9
356728,2050_M9
356732,2050_M9
356736,2050_M9
356740,2050_M9
356744,2050_M9
356748,2050_M9
356752,2050_M9
356756,2050_M9
356760,2050_M9
356764,2050_M9
356768,2050_M9
356772,2050_M9
356776,2050_M9
356780,2050_M9
356784,2050_M9
356788,2050_M9
356792,2050_M9
356796,2050_M9
356800,2050_M9
356804,2050_M9
356808,2050_M9
356812,2050_M9
356816,2050_M9
356820,2050_M9
356824,2050_M9
356828,2050_M9
356832,2050_M9
356836,2050_M9
356840,2050_M9
356844,2050_M9
356848,2050_M9
356852,2050_M9
356856,2050_M9
356860,2050_M9
356864,2050_M9
356868,2050_M9
356872,2050_M9
356876,2050_M9
356880,2050_M9
356884,2050_M9
356888,2050_M9
356892,2050_M9
356896,2050_M9
356900,2050_M9
356904,2050_M9
356908,2050_M9
356912,2050_M9
356916,2050_M9
356920,2050_M9
356924,2050_M9
356928,2050_M9
356932,2050_M9
356936,2050_M9
356940,2050_M9
356944,2050_M9
356948,2050_M9
356952,2050_M9
356956,2050_M9
356960,2050_M9
356964,2050_M9
356968,2050_M9
356972,2050_M9
356976,2050_M9
356980,2050_M9
356984,2050_M9
356988,2050_M9
356992,2050_M9
356996,2050_M9
357000,2050_M9
357004,2050_M9
357008,2050_M9
357012,2050_M9
357016,2050_M9
357020,2050_M9
357024,2050_M9
357028,2050_M9
357032,2050_M9
357036,2050_M9
357040,2050_M9
357044,2050_M9
357048,2050_M9
357052,2050_M9
357056,2050_M9
357060,2050_M9
357064,2050_M9
357068,2050_M9
357072,2050_M9
357076,2050_M9
357080,2050_M9
357084,2050_M9
357088,2050_M9
357092,2050_M9
357096,2050_M9
357100,2050_M9
357104,2050_M9
357108,2050_M9
357112,2050_M9
357116,2050_M9
357120,2050_M9
357124,2050_M9
357128,2050_M9
357132,2050_M9
357136,2050_M9
357140,2050_M9
357144,2050_M9
357148,2050_M9
357152,2050_M9
357156,2050_M9
357160,2050_M9
357164,2050_M9
357168,2050_M9
357172,2050_M9
357176,2050_M9
357180,2050_M9
357184,2050_M9
357188,2050_M9
357192,2050_M10
357196,2050_M10
357200,2050_M10
357204,2050_M10
357208,2050_M10
357212,2050_M10
357216,2050_M10
357220,2050_M10
357224,2050_M10
357228,2050_M10
357232,2050_M10
357236,2050_M10
357240,2050_M10
357244,2050_M10
357248,2050_M10
357252,2050_M10
357256,2050_M10
357260,2050_M10
357264,2050_M10
357268,2050_M10
357272,2050_M10
357276,2050_M10
357280,2050_M10
357284,2050_M10
357288,2050_M10
357292,2050_M10
357296,2050_M10
357300,2050_M10
357304,2050_M10
357308,2050_M10
357312,2050_M10
357316,2050_M10
357320,2050_M10
357324,2050_M10
357328,2050_M10
357332,2050_M10
357336,2050_M10
357340,2050_M10
357344,2050_M10
357348,2050_M10
357352,2050_M10
357356,2050_M10
357360,2050_M10
357364,2050_M10
357368,2050_M10
357372,2050_M10
357376,2050_M10
357380,2050_M10
357384,2050_M10
357388,2050_M10
357392,2050_M10
357396,2050_M10
357400,2050_M10
357404,2050_M10
357408,2050_M10
357412,2050_M10
357416,2050_M10
357420,2050_M10
357424,2050_M10
357428,2050_M10
357432,2050_M10
357436,2050_M10
357440,2050_M10
357444,2050_M10
357448,2050_M10
357452,2050_M10
357456,2050_M10
357460,2050_M10
357464,2050_M10
357468,2050_M10
357472,2050_M10
357476,2050_M10
357480,2050_M10
357484,2050_M10
357488,2050_M10
357492,2050_M10
357496,2050_M10
357500,2050_M10
357504,2050_M10
357508,2050_M10
357512,2050_M10
357516,2050_M10
357520,2050_M10
357524,2050_M10
357528,2050_M10
357532,2050_M10
357536,2050_M10
357540,2050_M10
357544,2050_M10
357548,2050_M10
357552,2050_M10
357556,2050_M10
357560,2050_M10
357564,2050_M10
357568,2050_M10
357572,2050_M10
357576,2050_M10
357580,2050_M10
357584,2050_M10
357588,2050_M10
357592,2050_M10
357596,2050_M10
357600,2050_M10
357604,2050_M10
357608,2050_M10
357612,2050_M10
357616,2050_M10
357620,2050_M10
357624,2050_M10
357628,2050_M10
357632,2050_M10
357636,2050_M10
357640,2050_M10
357644,2050_M10
357648,2050_M10
357652,2050_M10
357656,2050_M10
357660,2050_M10
357664,2050_M10
357668,2050_M10
357672,2050_M10
357676,2050_M10
357680,2050_M10
357684,2050_M10
357688,2050_M10
357692,2050_M10
357696,2050_M10
357700,2050_M10
357704,2050_M10
357708,2050_M10
357712,2050_M10
357716,2050_M10
357720,2050_M10
357724,2050_M10
357728,2050_M10
357732,2050_M10
357736,2050_M10
357740,2050_M10
357744,2050_M10
357748,2050_M10
357752,2050_M10
357756,2050_M10
357760,2050_M10
357764,2050_M10
357768,2050_M10
357772,2050_M10
357776,2050_M10
357780,2050_M10
357784,2050_M10
357788,2050_M10
357792,2050_M10
357796,2050_M10
357800,2050_M10
357804,2050_M10
357808,2050_M10
357812,2050_M10
357816,2050_M10
357820,2050_M10
357824,2050_M10
357828,2050_M10
357832,2050_M10
357836,2050_M10
357840,2050_M10
357844,2050_M10
357848,2050_M10
357852,2050_M10
357856,2050_M10
357860,2050_M10
357864,2050_M10
357868,2050_M10
357872,2050_M10
357876,2050_M10
357880,2050_M10
357884,2050_M10
357888,2050_M10
357892,2050_M10
357896,2050_M10
357900,2050_M10
357904,2050_M10
357908,2050_M10
357912,2050_M10
357916,2050_M10
357920,2050_M10
357924,2050_M10
357928,2050_M10
357932,2050_M10
357936,2050_M11
357940,2050_M11
357944,2050_M11
357948,2050_M11
357952,2050_M11
357956,2050_M11
357960,2050_M11
357964,2050_M11
357968,2050_M11
357972,2050_M11
357976,2050_M11
357980,2050_M11
357984,2050_M11
357988,2050_M11
357992,2050_M11
357996,2050_M11
358000,2050_M11
358004,2050_M11
358008,2050_M11
358012,2050_M11
358016,2050_M11
358020,2050_M11
358024,2050_M11
358028,2050_M11
358032,2050_M11
358036,2050_M11
358040,2050_M11
358044,2050_M11
358048,2050_M11
358052,2050_M11
358056,2050_M11
358060,2050_M11
358064,2050_M11
358068,2050_M11
358072,2050_M11
358076,2050_M11
358080,2050_M11
358084,2050_M11
358088,2050_M11
358092,2050_M11
358096,2050_M11
358100,2050_M11
358104,2050_M11
358108,2050_M11
358112,2050_M11
358116,2050_M11
358120,2050_M11
358124,2050_M11
358128,2050_M11
358132,2050_M11
358136,2050_M11
358140,2050_M11
358144,2050_M11
358148,2050_M11
358152,2050_M11
358156,2050_M11
358160,2050_M11
358164,2050_M11
358168,2050_M11
358172,2050_M11
358176,2050_M11
358180,2050_M11
358184,2050_M11
358188,2050_M11
358192,2050_M11
358196,2050_M11
358200,2050_M11
358204,2050_M11
358208,2050_M11
358212,2050_M11
358216,2050_M11
358220,2050_M11
358224,2050_M11
358228,2050_M11
358232,2050_M11
358236,2050_M11
358240,2050_M11
358244,2050_M11
358248,2050_M11
358252,2050_M11
358256,2050_M11
358260,2050_M11
358264,2050_M11
358268,2050_M11
358272,2050_M11
358276,2050_M11
358280,2050_M11
358284,2050_M11
358288,2050_M11
358292,2050_M11
358296,2050_M11
358300,2050_M11
358304,2050_M11
358308,2050_M11
358312,2050_M11
358316,2050_M11
358320,2050_M11
358324,2050_M11
358328,2050_M11
358332,2050_M11
358336,2050_M11
358340,2050_M11
358344,2050_M11
358348,2050_M11
358352,2050_M11
358356,2050_M11
358360,2050_M11
358364,2050_M11
358368,2050_M11
358372,2050_M11
358376,2050_M11
358380,2050_M11
358384,2050_M11
358388,2050_M11
358392,2050_M11
358396,2050_M11
358400,2050_M11
358404,2050_M11
358408,2050_M11
358412,2050_M11
358416,2050_M11
358420,2050_M11
358424,2050_M11
358428,2050_M11
358432,2050_M11
358436,2050_M11
358440,2050_M11
358444,2050_M11
358448,2050_M11
358452,2050_M11
358456,2050_M11
358460,2050_M11
358464,2050_M11
358468,2050_M11
358472,2050_M11
358476,2050_M11
358480,2050_M11
358484,2050_M11
358488,2050_M11
358492,2050_M11
358496,2050_M11
358500,2050_M11
358504,2050_M11
358508,2050_M11
358512,2050_M11
358516,2050_M11
358520,2050_M11
358524,2050_M11
358528,2050_M11
358532,2050_M11
358536,2050_M11
358540,2050_M11
358544,2050_M11
358548,2050_M11
358552,2050_M11
358556,2050_M11
358560,2050_M11
358564,2050_M11
358568,2050_M11
358572,2050_M11
358576,2050_M11
358580,2050_M11
358584,2050_M11
358588,2050_M11
358592,2050_M11
358596,2050_M11
358600,2050_M11
358604,2050_M11
358608,2050_M11
358612,2050_M11
358616,2050_M11
358620,2050_M11
358624,2050_M11
358628,2050_M11
358632,2050_M11
358636,2050_M11
358640,2050_M11
358644,2050_M11
358648,2050_M11
358652,2050_M11
358656,2050_M12
358660,2050_M12
358664,2050_M12
358668,2050_M12
358672,2050_M12
358676,2050_M12
358680,2050_M12
358684,2050_M12
358688,2050_M12
358692,2050_M12
358696,2050_M12
358700,2050_M12
358704,2050_M12
358708,2050_M12
358712,2050_M12
358716,2050_M12
358720,2050_M12
358724,2050_M12
358728,2050_M12
358732,2050_M12
358736,2050_M12
358740,2050_M12
358744,2050_M12
358748,2050_M12
358752,2050_M12
358756,2050_M12
358760,2050_M12
358764,2050_M12
358768,2050_M12
358772,2050_M12
358776,2050_M12
358780,2050_M12
358784,2050_M12
358788,2050_M12
358792,2050_M12
358796,2050_M12
358800,2050_M12
358804,2050_M12
358808,2050_M12
358812,2050_M12
358816,2050_M12
358820,2050_M12
358824,2050_M12
358828,2050_M12
358832,2050_M12
358836,2050_M12
358840,2050_M12
358844,2050_M12
358848,2050_M12
358852,2050_M12
358856,2050_M12
358860,2050_M12
358864,2050_M12
358868,2050_M12
358872,2050_M12
358876,2050_M12
358880,2050_M12
358884,2050_M12
358888,2050_M12
358892,2050_M12
358896,2050_M12
358900,2050_M12
358904,2050_M12
358908,2050_M12
358912,2050_M12
358916,2050_M12
358920,2050_M12
358924,2050_M12
358928,2050_M12
358932,2050_M12
358936,2050_M12
358940,2050_M12
358944,2050_M12
358948,2050_M12
358952,2050_M12
358956,2050_M12
358960,2050_M12
358964,2050_M12
358968,2050_M12
358972,2050_M12
358976,2050_M12
358980,2050_M12
358984,2050_M12
358988,2050_M12
358992,2050_M12
358996,2050_M12
359000,2050_M12
359004,2050_M12
359008,2050_M12
359012,2050_M12
359016,2050_M12
359020,2050_M12
359024,2050_M12
359028,2050_M12
359032,2050_M12
359036,2050_M12
359040,2050_M12
359044,2050_M12
359048,2050_M12
359052,2050_M12
359056,2050_M12
359060,2050_M12
359064,2050_M12
359068,2050_M12
359072,2050_M12
359076,2050_M12
359080,2050_M12
359084,2050_M12
359088,2050_M12
359092,2050_M12
359096,2050_M12
359100,2050_M12
359104,2050_M12
359108,2050_M12
359112,2050_M12
359116,2050_M12
359120,2050_M12
359124,2050_M12
359128,2050_M12
359132,2050_M12
359136,2050_M12
359140,2050_M12
359144,2050_M12
359148,2050_M12
359152,2050_M12
359156,2050_M12
359160,2050_M12
359164,2050_M12
359168,2050_M12
359172,2050_M12
359176,2050_M12
359180,2050_M12
359184,2050_M12
359188,2050_M12
359192,2050_M12
359196,2050_M12
359200,2050_M12
359204,2050_M12
359208,2050_M12
359212,2050_M12
359216,2050_M12
359220,2050_M12
359224,2050_M12
359228,2050_M12
359232,2050_M12
359236,2050_M12
359240,2050_M12
359244,2050_M12
359248,2050_M12
359252,2050_M12
359256,2050_M12
359260,2050_M12
359264,2050_M12
359268,2050_M12
359272,2050_M12
359276,2050_M12
359280,2050_M12
359284,2050_M12
359288,2050_M12
359292,2050_M12
359296,2050_M12
359300,2050_M12
359304,2050_M12
359308,2050_M12
359312,2050_M12
359316,2050_M12
359320,2050_M12
359324,2050_M12
359328,2050_M12
359332,2050_M12
359336,2050_M12
359340,2050_M12
359344,2050_M12
359348,2050_M12
359352,2050_M12
359356,2050_M12
359360,2050_M12
359364,2050_M12
359368,2050_M12
359372,2050_M12
359376,2050_M12
359380,2050_M12
359384,2050_M12
359388,2050_M12
359392,2050_M12
359396,2050_M12
