timepoint_id,timestamp,timeseries
350664,2050010200,2050_2050-year-round
350668,2050010204,2050_2050-year-round
350672,2050010208,2050_2050-year-round
350676,2050010212,2050_2050-year-round
350680,2050010216,2050_2050-year-round
350684,2050010220,2050_2050-year-round
350688,2050010300,2050_2050-year-round
350692,2050010304,2050_2050-year-round
350696,2050010308,2050_2050-year-round
350700,2050010312,2050_2050-year-round
350704,2050010316,2050_2050-year-round
350708,2050010320,2050_2050-year-round
350712,2050010400,2050_2050-year-round
350716,2050010404,2050_2050-year-round
350720,2050010408,2050_2050-year-round
350724,2050010412,2050_2050-year-round
350728,2050010416,2050_2050-year-round
350732,2050010420,2050_2050-year-round
350736,2050010500,2050_2050-year-round
350740,2050010504,2050_2050-year-round
350744,2050010508,2050_2050-year-round
350748,2050010512,2050_2050-year-round
350752,2050010516,2050_2050-year-round
350756,2050010520,2050_2050-year-round
350760,2050010600,2050_2050-year-round
350764,2050010604,2050_2050-year-round
350768,2050010608,2050_2050-year-round
350772,2050010612,2050_2050-year-round
350776,2050010616,2050_2050-year-round
350780,2050010620,2050_2050-year-round
350784,2050010700,2050_2050-year-round
350788,2050010704,2050_2050-year-round
350792,2050010708,2050_2050-year-round
350796,2050010712,2050_2050-year-round
350800,2050010716,2050_2050-year-round
350804,2050010720,2050_2050-year-round
350808,2050010800,2050_2050-year-round
350812,2050010804,2050_2050-year-round
350816,2050010808,2050_2050-year-round
350820,2050010812,2050_2050-year-round
350824,2050010816,2050_2050-year-round
350828,2050010820,2050_2050-year-round
350832,2050010900,2050_2050-year-round
350836,2050010904,2050_2050-year-round
350840,2050010908,2050_2050-year-round
350844,2050010912,2050_2050-year-round
350848,2050010916,2050_2050-year-round
350852,2050010920,2050_2050-year-round
350856,2050011000,2050_2050-year-round
350860,2050011004,2050_2050-year-round
350864,2050011008,2050_2050-year-round
350868,2050011012,2050_2050-year-round
350872,2050011016,2050_2050-year-round
350876,2050011020,2050_2050-year-round
350880,2050011100,2050_2050-year-round
350884,2050011104,2050_2050-year-round
350888,2050011108,2050_2050-year-round
350892,2050011112,2050_2050-year-round
350896,2050011116,2050_2050-year-round
350900,2050011120,2050_2050-year-round
350904,2050011200,2050_2050-year-round
350908,2050011204,2050_2050-year-round
350912,2050011208,2050_2050-year-round
350916,2050011212,2050_2050-year-round
350920,2050011216,2050_2050-year-round
350924,2050011220,2050_2050-year-round
350928,2050011300,2050_2050-year-round
350932,2050011304,2050_2050-year-round
350936,2050011308,2050_2050-year-round
350940,2050011312,2050_2050-year-round
350944,2050011316,2050_2050-year-round
350948,2050011320,2050_2050-year-round
350952,2050011400,2050_2050-year-round
350956,2050011404,2050_2050-year-round
350960,2050011408,2050_2050-year-round
350964,2050011412,2050_2050-year-round
350968,2050011416,2050_2050-year-round
350972,2050011420,2050_2050-year-round
350976,2050011500,2050_2050-year-round
350980,2050011504,2050_2050-year-round
350984,2050011508,2050_2050-year-round
350988,2050011512,2050_2050-year-round
350992,2050011516,2050_2050-year-round
350996,2050011520,2050_2050-year-round
351000,2050011600,2050_2050-year-round
351004,2050011604,2050_2050-year-round
351008,2050011608,2050_2050-year-round
351012,2050011612,2050_2050-year-round
351016,2050011616,2050_2050-year-round
351020,2050011620,2050_2050-year-round
351024,2050011700,2050_2050-year-round
351028,2050011704,2050_2050-year-round
351032,2050011708,2050_2050-year-round
351036,2050011712,2050_2050-year-round
351040,2050011716,2050_2050-year-round
351044,2050011720,2050_2050-year-round
351048,2050011800,2050_2050-year-round
351052,2050011804,2050_2050-year-round
351056,2050011808,2050_2050-year-round
351060,2050011812,2050_2050-year-round
351064,2050011816,2050_2050-year-round
351068,2050011820,2050_2050-year-round
351072,2050011900,2050_2050-year-round
351076,2050011904,2050_2050-year-round
351080,2050011908,2050_2050-year-round
351084,2050011912,2050_2050-year-round
351088,2050011916,2050_2050-year-round
351092,2050011920,2050_2050-year-round
351096,2050012000,2050_2050-year-round
351100,2050012004,2050_2050-year-round
351104,2050012008,2050_2050-year-round
351108,2050012012,2050_2050-year-round
351112,2050012016,2050_2050-year-round
351116,2050012020,2050_2050-year-round
351120,2050012100,2050_2050-year-round
351124,2050012104,2050_2050-year-round
351128,2050012108,2050_2050-year-round
351132,2050012112,2050_2050-year-round
351136,2050012116,2050_2050-year-round
351140,2050012120,2050_2050-year-round
351144,2050012200,2050_2050-year-round
351148,2050012204,2050_2050-year-round
351152,2050012208,2050_2050-year-round
351156,2050012212,2050_2050-year-round
351160,2050012216,2050_2050-year-round
351164,2050012220,2050_2050-year-round
351168,2050012300,2050_2050-year-round
351172,2050012304,2050_2050-year-round
351176,2050012308,2050_2050-year-round
351180,2050012312,2050_2050-year-round
351184,2050012316,2050_2050-year-round
351188,2050012320,2050_2050-year-round
351192,2050012400,2050_2050-year-round
351196,2050012404,2050_2050-year-round
351200,2050012408,2050_2050-year-round
351204,2050012412,2050_2050-year-round
351208,2050012416,2050_2050-year-round
351212,2050012420,2050_2050-year-round
351216,2050012500,2050_2050-year-round
351220,2050012504,2050_2050-year-round
351224,2050012508,2050_2050-year-round
351228,2050012512,2050_2050-year-round
351232,2050012516,2050_2050-year-round
351236,2050012520,2050_2050-year-round
351240,2050012600,2050_2050-year-round
351244,2050012604,2050_2050-year-round
351248,2050012608,2050_2050-year-round
351252,2050012612,2050_2050-year-round
351256,2050012616,2050_2050-year-round
351260,2050012620,2050_2050-year-round
351264,2050012700,2050_2050-year-round
351268,2050012704,2050_2050-year-round
351272,2050012708,2050_2050-year-round
351276,2050012712,2050_2050-year-round
351280,2050012716,2050_2050-year-round
351284,2050012720,2050_2050-year-round
351288,2050012800,2050_2050-year-round
351292,2050012804,2050_2050-year-round
351296,2050012808,2050_2050-year-round
351300,2050012812,2050_2050-year-round
351304,2050012816,2050_2050-year-round
351308,2050012820,2050_2050-year-round
351312,2050012900,2050_2050-year-round
351316,2050012904,2050_2050-year-round
351320,2050012908,2050_2050-year-round
351324,2050012912,2050_2050-year-round
351328,2050012916,2050_2050-year-round
351332,2050012920,2050_2050-year-round
351336,2050013000,2050_2050-year-round
351340,2050013004,2050_2050-year-round
351344,2050013008,2050_2050-year-round
351348,2050013012,2050_2050-year-round
351352,2050013016,2050_2050-year-round
351356,2050013020,2050_2050-year-round
351360,2050013100,2050_2050-year-round
351364,2050013104,2050_2050-year-round
351368,2050013108,2050_2050-year-round
351372,2050013112,2050_2050-year-round
351376,2050013116,2050_2050-year-round
351380,2050013120,2050_2050-year-round
351384,2050020100,2050_2050-year-round
351388,2050020104,2050_2050-year-round
351392,2050020108,2050_2050-year-round
351396,2050020112,2050_2050-year-round
351400,2050020116,2050_2050-year-round
351404,2050020120,2050_2050-year-round
351408,2050020200,2050_2050-year-round
351412,2050020204,2050_2050-year-round
351416,2050020208,2050_2050-year-round
351420,2050020212,2050_2050-year-round
351424,2050020216,2050_2050-year-round
351428,2050020220,2050_2050-year-round
351432,2050020300,2050_2050-year-round
351436,2050020304,2050_2050-year-round
351440,2050020308,2050_2050-year-round
351444,2050020312,2050_2050-year-round
351448,2050020316,2050_2050-year-round
351452,2050020320,2050_2050-year-round
351456,2050020400,2050_2050-year-round
351460,2050020404,2050_2050-year-round
351464,2050020408,2050_2050-year-round
351468,2050020412,2050_2050-year-round
351472,2050020416,2050_2050-year-round
351476,2050020420,2050_2050-year-round
351480,2050020500,2050_2050-year-round
351484,2050020504,2050_2050-year-round
351488,2050020508,2050_2050-year-round
351492,2050020512,2050_2050-year-round
351496,2050020516,2050_2050-year-round
351500,2050020520,2050_2050-year-round
351504,2050020600,2050_2050-year-round
351508,2050020604,2050_2050-year-round
351512,2050020608,2050_2050-year-round
351516,2050020612,2050_2050-year-round
351520,2050020616,2050_2050-year-round
351524,2050020620,2050_2050-year-round
351528,2050020700,2050_2050-year-round
351532,2050020704,2050_2050-year-round
351536,2050020708,2050_2050-year-round
351540,2050020712,2050_2050-year-round
351544,2050020716,2050_2050-year-round
351548,2050020720,2050_2050-year-round
351552,2050020800,2050_2050-year-round
351556,2050020804,2050_2050-year-round
351560,2050020808,2050_2050-year-round
351564,2050020812,2050_2050-year-round
351568,2050020816,2050_2050-year-round
351572,2050020820,2050_2050-year-round
351576,2050020900,2050_2050-year-round
351580,2050020904,2050_2050-year-round
351584,2050020908,2050_2050-year-round
351588,2050020912,2050_2050-year-round
351592,2050020916,2050_2050-year-round
351596,2050020920,2050_2050-year-round
351600,2050021000,2050_2050-year-round
351604,2050021004,2050_2050-year-round
351608,2050021008,2050_2050-year-round
351612,2050021012,2050_2050-year-round
351616,2050021016,2050_2050-year-round
351620,2050021020,2050_2050-year-round
351624,2050021100,2050_2050-year-round
351628,2050021104,2050_2050-year-round
351632,2050021108,2050_2050-year-round
351636,2050021112,2050_2050-year-round
351640,2050021116,2050_2050-year-round
351644,2050021120,2050_2050-year-round
351648,2050021200,2050_2050-year-round
351652,2050021204,2050_2050-year-round
351656,2050021208,2050_2050-year-round
351660,2050021212,2050_2050-year-round
351664,2050021216,2050_2050-year-round
351668,2050021220,2050_2050-year-round
351672,2050021300,2050_2050-year-round
351676,2050021304,2050_2050-year-round
351680,2050021308,2050_2050-year-round
351684,2050021312,2050_2050-year-round
351688,2050021316,2050_2050-year-round
351692,2050021320,2050_2050-year-round
351696,2050021400,2050_2050-year-round
351700,2050021404,2050_2050-year-round
351704,2050021408,2050_2050-year-round
351708,2050021412,2050_2050-year-round
351712,2050021416,2050_2050-year-round
351716,2050021420,2050_2050-year-round
351720,2050021500,2050_2050-year-round
351724,2050021504,2050_2050-year-round
351728,2050021508,2050_2050-year-round
351732,2050021512,2050_2050-year-round
351736,2050021516,2050_2050-year-round
351740,2050021520,2050_2050-year-round
351744,2050021600,2050_2050-year-round
351748,2050021604,2050_2050-year-round
351752,2050021608,2050_2050-year-round
351756,2050021612,2050_2050-year-round
351760,2050021616,2050_2050-year-round
351764,2050021620,2050_2050-year-round
351768,2050021700,2050_2050-year-round
351772,2050021704,2050_2050-year-round
351776,2050021708,2050_2050-year-round
351780,2050021712,2050_2050-year-round
351784,2050021716,2050_2050-year-round
351788,2050021720,2050_2050-year-round
351792,2050021800,2050_2050-year-round
351796,2050021804,2050_2050-year-round
351800,2050021808,2050_2050-year-round
351804,2050021812,2050_2050-year-round
351808,2050021816,2050_2050-year-round
351812,2050021820,2050_2050-year-round
351816,2050021900,2050_2050-year-round
351820,2050021904,2050_2050-year-round
351824,2050021908,2050_2050-year-round
351828,2050021912,2050_2050-year-round
351832,2050021916,2050_2050-year-round
351836,2050021920,2050_2050-year-round
351840,2050022000,2050_2050-year-round
351844,2050022004,2050_2050-year-round
351848,2050022008,2050_2050-year-round
351852,2050022012,2050_2050-year-round
351856,2050022016,2050_2050-year-round
351860,2050022020,2050_2050-year-round
351864,2050022100,2050_2050-year-round
351868,2050022104,2050_2050-year-round
351872,2050022108,2050_2050-year-round
351876,2050022112,2050_2050-year-round
351880,2050022116,2050_2050-year-round
351884,2050022120,2050_2050-year-round
351888,2050022200,2050_2050-year-round
351892,2050022204,2050_2050-year-round
351896,2050022208,2050_2050-year-round
351900,2050022212,2050_2050-year-round
351904,2050022216,2050_2050-year-round
351908,2050022220,2050_2050-year-round
351912,2050022300,2050_2050-year-round
351916,2050022304,2050_2050-year-round
351920,2050022308,2050_2050-year-round
351924,2050022312,2050_2050-year-round
351928,2050022316,2050_2050-year-round
351932,2050022320,2050_2050-year-round
351936,2050022400,2050_2050-year-round
351940,2050022404,2050_2050-year-round
351944,2050022408,2050_2050-year-round
351948,2050022412,2050_2050-year-round
351952,2050022416,2050_2050-year-round
351956,2050022420,2050_2050-year-round
351960,2050022500,2050_2050-year-round
351964,2050022504,2050_2050-year-round
351968,2050022508,2050_2050-year-round
351972,2050022512,2050_2050-year-round
351976,2050022516,2050_2050-year-round
351980,2050022520,2050_2050-year-round
351984,2050022600,2050_2050-year-round
351988,2050022604,2050_2050-year-round
351992,2050022608,2050_2050-year-round
351996,2050022612,2050_2050-year-round
352000,2050022616,2050_2050-year-round
352004,2050022620,2050_2050-year-round
352008,2050022700,2050_2050-year-round
352012,2050022704,2050_2050-year-round
352016,2050022708,2050_2050-year-round
352020,2050022712,2050_2050-year-round
352024,2050022716,2050_2050-year-round
352028,2050022720,2050_2050-year-round
352032,2050022800,2050_2050-year-round
352036,2050022804,2050_2050-year-round
352040,2050022808,2050_2050-year-round
352044,2050022812,2050_2050-year-round
352048,2050022816,2050_2050-year-round
352052,2050022820,2050_2050-year-round
352056,2050030100,2050_2050-year-round
352060,2050030104,2050_2050-year-round
352064,2050030108,2050_2050-year-round
352068,2050030112,2050_2050-year-round
352072,2050030116,2050_2050-year-round
352076,2050030120,2050_2050-year-round
352080,2050030200,2050_2050-year-round
352084,2050030204,2050_2050-year-round
352088,2050030208,2050_2050-year-round
352092,2050030212,2050_2050-year-round
352096,2050030216,2050_2050-year-round
352100,2050030220,2050_2050-year-round
352104,2050030300,2050_2050-year-round
352108,2050030304,2050_2050-year-round
352112,2050030308,2050_2050-year-round
352116,2050030312,2050_2050-year-round
352120,2050030316,2050_2050-year-round
352124,2050030320,2050_2050-year-round
352128,2050030400,2050_2050-year-round
352132,2050030404,2050_2050-year-round
352136,2050030408,2050_2050-year-round
352140,2050030412,2050_2050-year-round
352144,2050030416,2050_2050-year-round
352148,2050030420,2050_2050-year-round
352152,2050030500,2050_2050-year-round
352156,2050030504,2050_2050-year-round
352160,2050030508,2050_2050-year-round
352164,2050030512,2050_2050-year-round
352168,2050030516,2050_2050-year-round
352172,2050030520,2050_2050-year-round
352176,2050030600,2050_2050-year-round
352180,2050030604,2050_2050-year-round
352184,2050030608,2050_2050-year-round
352188,2050030612,2050_2050-year-round
352192,2050030616,2050_2050-year-round
352196,2050030620,2050_2050-year-round
352200,2050030700,2050_2050-year-round
352204,2050030704,2050_2050-year-round
352208,2050030708,2050_2050-year-round
352212,2050030712,2050_2050-year-round
352216,2050030716,2050_2050-year-round
352220,2050030720,2050_2050-year-round
352224,2050030800,2050_2050-year-round
352228,2050030804,2050_2050-year-round
352232,2050030808,2050_2050-year-round
352236,2050030812,2050_2050-year-round
352240,2050030816,2050_2050-year-round
352244,2050030820,2050_2050-year-round
352248,2050030900,2050_2050-year-round
352252,2050030904,2050_2050-year-round
352256,2050030908,2050_2050-year-round
352260,2050030912,2050_2050-year-round
352264,2050030916,2050_2050-year-round
352268,2050030920,2050_2050-year-round
352272,2050031000,2050_2050-year-round
352276,2050031004,2050_2050-year-round
352280,2050031008,2050_2050-year-round
352284,2050031012,2050_2050-year-round
352288,2050031016,2050_2050-year-round
352292,2050031020,2050_2050-year-round
352296,2050031100,2050_2050-year-round
352300,2050031104,2050_2050-year-round
352304,2050031108,2050_2050-year-round
352308,2050031112,2050_2050-year-round
352312,2050031116,2050_2050-year-round
352316,2050031120,2050_2050-year-round
352320,2050031200,2050_2050-year-round
352324,2050031204,2050_2050-year-round
352328,2050031208,2050_2050-year-round
352332,2050031212,2050_2050-year-round
352336,2050031216,2050_2050-year-round
352340,2050031220,2050_2050-year-round
352344,2050031300,2050_2050-year-round
352348,2050031304,2050_2050-year-round
352352,2050031308,2050_2050-year-round
352356,2050031312,2050_2050-year-round
352360,2050031316,2050_2050-year-round
352364,2050031320,2050_2050-year-round
352368,2050031400,2050_2050-year-round
352372,2050031404,2050_2050-year-round
352376,2050031408,2050_2050-year-round
352380,2050031412,2050_2050-year-round
352384,2050031416,2050_2050-year-round
352388,2050031420,2050_2050-year-round
352392,2050031500,2050_2050-year-round
352396,2050031504,2050_2050-year-round
352400,2050031508,2050_2050-year-round
352404,2050031512,2050_2050-year-round
352408,2050031516,2050_2050-year-round
352412,2050031520,2050_2050-year-round
352416,2050031600,2050_2050-year-round
352420,2050031604,2050_2050-year-round
352424,2050031608,2050_2050-year-round
352428,2050031612,2050_2050-year-round
352432,2050031616,2050_2050-year-round
352436,2050031620,2050_2050-year-round
352440,2050031700,2050_2050-year-round
352444,2050031704,2050_2050-year-round
352448,2050031708,2050_2050-year-round
352452,2050031712,2050_2050-year-round
352456,2050031716,2050_2050-year-round
352460,2050031720,2050_2050-year-round
352464,2050031800,2050_2050-year-round
352468,2050031804,2050_2050-year-round
352472,2050031808,2050_2050-year-round
352476,2050031812,2050_2050-year-round
352480,2050031816,2050_2050-year-round
352484,2050031820,2050_2050-year-round
352488,2050031900,2050_2050-year-round
352492,2050031904,2050_2050-year-round
352496,2050031908,2050_2050-year-round
352500,2050031912,2050_2050-year-round
352504,2050031916,2050_2050-year-round
352508,2050031920,2050_2050-year-round
352512,2050032000,2050_2050-year-round
352516,2050032004,2050_2050-year-round
352520,2050032008,2050_2050-year-round
352524,2050032012,2050_2050-year-round
352528,2050032016,2050_2050-year-round
352532,2050032020,2050_2050-year-round
352536,2050032100,2050_2050-year-round
352540,2050032104,2050_2050-year-round
352544,2050032108,2050_2050-year-round
352548,2050032112,2050_2050-year-round
352552,2050032116,2050_2050-year-round
352556,2050032120,2050_2050-year-round
352560,2050032200,2050_2050-year-round
352564,2050032204,2050_2050-year-round
352568,2050032208,2050_2050-year-round
352572,2050032212,2050_2050-year-round
352576,2050032216,2050_2050-year-round
352580,2050032220,2050_2050-year-round
352584,2050032300,2050_2050-year-round
352588,2050032304,2050_2050-year-round
352592,2050032308,2050_2050-year-round
352596,2050032312,2050_2050-year-round
352600,2050032316,2050_2050-year-round
352604,2050032320,2050_2050-year-round
352608,2050032400,2050_2050-year-round
352612,2050032404,2050_2050-year-round
352616,2050032408,2050_2050-year-round
352620,2050032412,2050_2050-year-round
352624,2050032416,2050_2050-year-round
352628,2050032420,2050_2050-year-round
352632,2050032500,2050_2050-year-round
352636,2050032504,2050_2050-year-round
352640,2050032508,2050_2050-year-round
352644,2050032512,2050_2050-year-round
352648,2050032516,2050_2050-year-round
352652,2050032520,2050_2050-year-round
352656,2050032600,2050_2050-year-round
352660,2050032604,2050_2050-year-round
352664,2050032608,2050_2050-year-round
352668,2050032612,2050_2050-year-round
352672,2050032616,2050_2050-year-round
352676,2050032620,2050_2050-year-round
352680,2050032700,2050_2050-year-round
352684,2050032704,2050_2050-year-round
352688,2050032708,2050_2050-year-round
352692,2050032712,2050_2050-year-round
352696,2050032716,2050_2050-year-round
352700,2050032720,2050_2050-year-round
352704,2050032800,2050_2050-year-round
352708,2050032804,2050_2050-year-round
352712,2050032808,2050_2050-year-round
352716,2050032812,2050_2050-year-round
352720,2050032816,2050_2050-year-round
352724,2050032820,2050_2050-year-round
352728,2050032900,2050_2050-year-round
352732,2050032904,2050_2050-year-round
352736,2050032908,2050_2050-year-round
352740,2050032912,2050_2050-year-round
352744,2050032916,2050_2050-year-round
352748,2050032920,2050_2050-year-round
352752,2050033000,2050_2050-year-round
352756,2050033004,2050_2050-year-round
352760,2050033008,2050_2050-year-round
352764,2050033012,2050_2050-year-round
352768,2050033016,2050_2050-year-round
352772,2050033020,2050_2050-year-round
352776,2050033100,2050_2050-year-round
352780,2050033104,2050_2050-year-round
352784,2050033108,2050_2050-year-round
352788,2050033112,2050_2050-year-round
352792,2050033116,2050_2050-year-round
352796,2050033120,2050_2050-year-round
352800,2050040100,2050_2050-year-round
352804,2050040104,2050_2050-year-round
352808,2050040108,2050_2050-year-round
352812,2050040112,2050_2050-year-round
352816,2050040116,2050_2050-year-round
352820,2050040120,2050_2050-year-round
352824,2050040200,2050_2050-year-round
352828,2050040204,2050_2050-year-round
352832,2050040208,2050_2050-year-round
352836,2050040212,2050_2050-year-round
352840,2050040216,2050_2050-year-round
352844,2050040220,2050_2050-year-round
352848,2050040300,2050_2050-year-round
352852,2050040304,2050_2050-year-round
352856,2050040308,2050_2050-year-round
352860,2050040312,2050_2050-year-round
352864,2050040316,2050_2050-year-round
352868,2050040320,2050_2050-year-round
352872,2050040400,2050_2050-year-round
352876,2050040404,2050_2050-year-round
352880,2050040408,2050_2050-year-round
352884,2050040412,2050_2050-year-round
352888,2050040416,2050_2050-year-round
352892,2050040420,2050_2050-year-round
352896,2050040500,2050_2050-year-round
352900,2050040504,2050_2050-year-round
352904,2050040508,2050_2050-year-round
352908,2050040512,2050_2050-year-round
352912,2050040516,2050_2050-year-round
352916,2050040520,2050_2050-year-round
352920,2050040600,2050_2050-year-round
352924,2050040604,2050_2050-year-round
352928,2050040608,2050_2050-year-round
352932,2050040612,2050_2050-year-round
352936,2050040616,2050_2050-year-round
352940,2050040620,2050_2050-year-round
352944,2050040700,2050_2050-year-round
352948,2050040704,2050_2050-year-round
352952,2050040708,2050_2050-year-round
352956,2050040712,2050_2050-year-round
352960,2050040716,2050_2050-year-round
352964,2050040720,2050_2050-year-round
352968,2050040800,2050_2050-year-round
352972,2050040804,2050_2050-year-round
352976,2050040808,2050_2050-year-round
352980,2050040812,2050_2050-year-round
352984,2050040816,2050_2050-year-round
352988,2050040820,2050_2050-year-round
352992,2050040900,2050_2050-year-round
352996,2050040904,2050_2050-year-round
353000,2050040908,2050_2050-year-round
353004,2050040912,2050_2050-year-round
353008,2050040916,2050_2050-year-round
353012,2050040920,2050_2050-year-round
353016,2050041000,2050_2050-year-round
353020,2050041004,2050_2050-year-round
353024,2050041008,2050_2050-year-round
353028,2050041012,2050_2050-year-round
353032,2050041016,2050_2050-year-round
353036,2050041020,2050_2050-year-round
353040,2050041100,2050_2050-year-round
353044,2050041104,2050_2050-year-round
353048,2050041108,2050_2050-year-round
353052,2050041112,2050_2050-year-round
353056,2050041116,2050_2050-year-round
353060,2050041120,2050_2050-year-round
353064,2050041200,2050_2050-year-round
353068,2050041204,2050_2050-year-round
353072,2050041208,2050_2050-year-round
353076,2050041212,2050_2050-year-round
353080,2050041216,2050_2050-year-round
353084,2050041220,2050_2050-year-round
353088,2050041300,2050_2050-year-round
353092,2050041304,2050_2050-year-round
353096,2050041308,2050_2050-year-round
353100,2050041312,2050_2050-year-round
353104,2050041316,2050_2050-year-round
353108,2050041320,2050_2050-year-round
353112,2050041400,2050_2050-year-round
353116,2050041404,2050_2050-year-round
353120,2050041408,2050_2050-year-round
353124,2050041412,2050_2050-year-round
353128,2050041416,2050_2050-year-round
353132,2050041420,2050_2050-year-round
353136,2050041500,2050_2050-year-round
353140,2050041504,2050_2050-year-round
353144,2050041508,2050_2050-year-round
353148,2050041512,2050_2050-year-round
353152,2050041516,2050_2050-year-round
353156,2050041520,2050_2050-year-round
353160,2050041600,2050_2050-year-round
353164,2050041604,2050_2050-year-round
353168,2050041608,2050_2050-year-round
353172,2050041612,2050_2050-year-round
353176,2050041616,2050_2050-year-round
353180,2050041620,2050_2050-year-round
353184,2050041700,2050_2050-year-round
353188,2050041704,2050_2050-year-round
353192,2050041708,2050_2050-year-round
353196,2050041712,2050_2050-year-round
353200,2050041716,2050_2050-year-round
353204,2050041720,2050_2050-year-round
353208,2050041800,2050_2050-year-round
353212,2050041804,2050_2050-year-round
353216,2050041808,2050_2050-year-round
353220,2050041812,2050_2050-year-round
353224,2050041816,2050_2050-year-round
353228,2050041820,2050_2050-year-round
353232,2050041900,2050_2050-year-round
353236,2050041904,2050_2050-year-round
353240,2050041908,2050_2050-year-round
353244,2050041912,2050_2050-year-round
353248,2050041916,2050_2050-year-round
353252,2050041920,2050_2050-year-round
353256,2050042000,2050_2050-year-round
353260,2050042004,2050_2050-year-round
353264,2050042008,2050_2050-year-round
353268,2050042012,2050_2050-year-round
353272,2050042016,2050_2050-year-round
353276,2050042020,2050_2050-year-round
353280,2050042100,2050_2050-year-round
353284,2050042104,2050_2050-year-round
353288,2050042108,2050_2050-year-round
353292,2050042112,2050_2050-year-round
353296,2050042116,2050_2050-year-round
353300,2050042120,2050_2050-year-round
353304,2050042200,2050_2050-year-round
353308,2050042204,2050_2050-year-round
353312,2050042208,2050_2050-year-round
353316,2050042212,2050_2050-year-round
353320,2050042216,2050_2050-year-round
353324,2050042220,2050_2050-year-round
353328,2050042300,2050_2050-year-round
353332,2050042304,2050_2050-year-round
353336,2050042308,2050_2050-year-round
353340,2050042312,2050_2050-year-round
353344,2050042316,2050_2050-year-round
353348,2050042320,2050_2050-year-round
353352,2050042400,2050_2050-year-round
353356,2050042404,2050_2050-year-round
353360,2050042408,2050_2050-year-round
353364,2050042412,2050_2050-year-round
353368,2050042416,2050_2050-year-round
353372,2050042420,2050_2050-year-round
353376,2050042500,2050_2050-year-round
353380,2050042504,2050_2050-year-round
353384,2050042508,2050_2050-year-round
353388,2050042512,2050_2050-year-round
353392,2050042516,2050_2050-year-round
353396,2050042520,2050_2050-year-round
353400,2050042600,2050_2050-year-round
353404,2050042604,2050_2050-year-round
353408,2050042608,2050_2050-year-round
353412,2050042612,2050_2050-year-round
353416,2050042616,2050_2050-year-round
353420,2050042620,2050_2050-year-round
353424,2050042700,2050_2050-year-round
353428,2050042704,2050_2050-year-round
353432,2050042708,2050_2050-year-round
353436,2050042712,2050_2050-year-round
353440,2050042716,2050_2050-year-round
353444,2050042720,2050_2050-year-round
353448,2050042800,2050_2050-year-round
353452,2050042804,2050_2050-year-round
353456,2050042808,2050_2050-year-round
353460,2050042812,2050_2050-year-round
353464,2050042816,2050_2050-year-round
353468,2050042820,2050_2050-year-round
353472,2050042900,2050_2050-year-round
353476,2050042904,2050_2050-year-round
353480,2050042908,2050_2050-year-round
353484,2050042912,2050_2050-year-round
353488,2050042916,2050_2050-year-round
353492,2050042920,2050_2050-year-round
353496,2050043000,2050_2050-year-round
353500,2050043004,2050_2050-year-round
353504,2050043008,2050_2050-year-round
353508,2050043012,2050_2050-year-round
353512,2050043016,2050_2050-year-round
353516,2050043020,2050_2050-year-round
353520,2050050100,2050_2050-year-round
353524,2050050104,2050_2050-year-round
353528,2050050108,2050_2050-year-round
353532,2050050112,2050_2050-year-round
353536,2050050116,2050_2050-year-round
353540,2050050120,2050_2050-year-round
353544,2050050200,2050_2050-year-round
353548,2050050204,2050_2050-year-round
353552,2050050208,2050_2050-year-round
353556,2050050212,2050_2050-year-round
353560,2050050216,2050_2050-year-round
353564,2050050220,2050_2050-year-round
353568,2050050300,2050_2050-year-round
353572,2050050304,2050_2050-year-round
353576,2050050308,2050_2050-year-round
353580,2050050312,2050_2050-year-round
353584,2050050316,2050_2050-year-round
353588,2050050320,2050_2050-year-round
353592,2050050400,2050_2050-year-round
353596,2050050404,2050_2050-year-round
353600,2050050408,2050_2050-year-round
353604,2050050412,2050_2050-year-round
353608,2050050416,2050_2050-year-round
353612,2050050420,2050_2050-year-round
353616,2050050500,2050_2050-year-round
353620,2050050504,2050_2050-year-round
353624,2050050508,2050_2050-year-round
353628,2050050512,2050_2050-year-round
353632,2050050516,2050_2050-year-round
353636,2050050520,2050_2050-year-round
353640,2050050600,2050_2050-year-round
353644,2050050604,2050_2050-year-round
353648,2050050608,2050_2050-year-round
353652,2050050612,2050_2050-year-round
353656,2050050616,2050_2050-year-round
353660,2050050620,2050_2050-year-round
353664,2050050700,2050_2050-year-round
353668,2050050704,2050_2050-year-round
353672,2050050708,2050_2050-year-round
353676,2050050712,2050_2050-year-round
353680,2050050716,2050_2050-year-round
353684,2050050720,2050_2050-year-round
353688,2050050800,2050_2050-year-round
353692,2050050804,2050_2050-year-round
353696,2050050808,2050_2050-year-round
353700,2050050812,2050_2050-year-round
353704,2050050816,2050_2050-year-round
353708,2050050820,2050_2050-year-round
353712,2050050900,2050_2050-year-round
353716,2050050904,2050_2050-year-round
353720,2050050908,2050_2050-year-round
353724,2050050912,2050_2050-year-round
353728,2050050916,2050_2050-year-round
353732,2050050920,2050_2050-year-round
353736,2050051000,2050_2050-year-round
353740,2050051004,2050_2050-year-round
353744,2050051008,2050_2050-year-round
353748,2050051012,2050_2050-year-round
353752,2050051016,2050_2050-year-round
353756,2050051020,2050_2050-year-round
353760,2050051100,2050_2050-year-round
353764,2050051104,2050_2050-year-round
353768,2050051108,2050_2050-year-round
353772,2050051112,2050_2050-year-round
353776,2050051116,2050_2050-year-round
353780,2050051120,2050_2050-year-round
353784,2050051200,2050_2050-year-round
353788,2050051204,2050_2050-year-round
353792,2050051208,2050_2050-year-round
353796,2050051212,2050_2050-year-round
353800,2050051216,2050_2050-year-round
353804,2050051220,2050_2050-year-round
353808,2050051300,2050_2050-year-round
353812,2050051304,2050_2050-year-round
353816,2050051308,2050_2050-year-round
353820,2050051312,2050_2050-year-round
353824,2050051316,2050_2050-year-round
353828,2050051320,2050_2050-year-round
353832,2050051400,2050_2050-year-round
353836,2050051404,2050_2050-year-round
353840,2050051408,2050_2050-year-round
353844,2050051412,2050_2050-year-round
353848,2050051416,2050_2050-year-round
353852,2050051420,2050_2050-year-round
353856,2050051500,2050_2050-year-round
353860,2050051504,2050_2050-year-round
353864,2050051508,2050_2050-year-round
353868,2050051512,2050_2050-year-round
353872,2050051516,2050_2050-year-round
353876,2050051520,2050_2050-year-round
353880,2050051600,2050_2050-year-round
353884,2050051604,2050_2050-year-round
353888,2050051608,2050_2050-year-round
353892,2050051612,2050_2050-year-round
353896,2050051616,2050_2050-year-round
353900,2050051620,2050_2050-year-round
353904,2050051700,2050_2050-year-round
353908,2050051704,2050_2050-year-round
353912,2050051708,2050_2050-year-round
353916,2050051712,2050_2050-year-round
353920,2050051716,2050_2050-year-round
353924,2050051720,2050_2050-year-round
353928,2050051800,2050_2050-year-round
353932,2050051804,2050_2050-year-round
353936,2050051808,2050_2050-year-round
353940,2050051812,2050_2050-year-round
353944,2050051816,2050_2050-year-round
353948,2050051820,2050_2050-year-round
353952,2050051900,2050_2050-year-round
353956,2050051904,2050_2050-year-round
353960,2050051908,2050_2050-year-round
353964,2050051912,2050_2050-year-round
353968,2050051916,2050_2050-year-round
353972,2050051920,2050_2050-year-round
353976,2050052000,2050_2050-year-round
353980,2050052004,2050_2050-year-round
353984,2050052008,2050_2050-year-round
353988,2050052012,2050_2050-year-round
353992,2050052016,2050_2050-year-round
353996,2050052020,2050_2050-year-round
354000,2050052100,2050_2050-year-round
354004,2050052104,2050_2050-year-round
354008,2050052108,2050_2050-year-round
354012,2050052112,2050_2050-year-round
354016,2050052116,2050_2050-year-round
354020,2050052120,2050_2050-year-round
354024,2050052200,2050_2050-year-round
354028,2050052204,2050_2050-year-round
354032,2050052208,2050_2050-year-round
354036,2050052212,2050_2050-year-round
354040,2050052216,2050_2050-year-round
354044,2050052220,2050_2050-year-round
354048,2050052300,2050_2050-year-round
354052,2050052304,2050_2050-year-round
354056,2050052308,2050_2050-year-round
354060,2050052312,2050_2050-year-round
354064,2050052316,2050_2050-year-round
354068,2050052320,2050_2050-year-round
354072,2050052400,2050_2050-year-round
354076,2050052404,2050_2050-year-round
354080,2050052408,2050_2050-year-round
354084,2050052412,2050_2050-year-round
354088,2050052416,2050_2050-year-round
354092,2050052420,2050_2050-year-round
354096,2050052500,2050_2050-year-round
354100,2050052504,2050_2050-year-round
354104,2050052508,2050_2050-year-round
354108,2050052512,2050_2050-year-round
354112,2050052516,2050_2050-year-round
354116,2050052520,2050_2050-year-round
354120,2050052600,2050_2050-year-round
354124,2050052604,2050_2050-year-round
354128,2050052608,2050_2050-year-round
354132,2050052612,2050_2050-year-round
354136,2050052616,2050_2050-year-round
354140,2050052620,2050_2050-year-round
354144,2050052700,2050_2050-year-round
354148,2050052704,2050_2050-year-round
354152,2050052708,2050_2050-year-round
354156,2050052712,2050_2050-year-round
354160,2050052716,2050_2050-year-round
354164,2050052720,2050_2050-year-round
354168,2050052800,2050_2050-year-round
354172,2050052804,2050_2050-year-round
354176,2050052808,2050_2050-year-round
354180,2050052812,2050_2050-year-round
354184,2050052816,2050_2050-year-round
354188,2050052820,2050_2050-year-round
354192,2050052900,2050_2050-year-round
354196,2050052904,2050_2050-year-round
354200,2050052908,2050_2050-year-round
354204,2050052912,2050_2050-year-round
354208,2050052916,2050_2050-year-round
354212,2050052920,2050_2050-year-round
354216,2050053000,2050_2050-year-round
354220,2050053004,2050_2050-year-round
354224,2050053008,2050_2050-year-round
354228,2050053012,2050_2050-year-round
354232,2050053016,2050_2050-year-round
354236,2050053020,2050_2050-year-round
354240,2050053100,2050_2050-year-round
354244,2050053104,2050_2050-year-round
354248,2050053108,2050_2050-year-round
354252,2050053112,2050_2050-year-round
354256,2050053116,2050_2050-year-round
354260,2050053120,2050_2050-year-round
354264,2050060100,2050_2050-year-round
354268,2050060104,2050_2050-year-round
354272,2050060108,2050_2050-year-round
354276,2050060112,2050_2050-year-round
354280,2050060116,2050_2050-year-round
354284,2050060120,2050_2050-year-round
354288,2050060200,2050_2050-year-round
354292,2050060204,2050_2050-year-round
354296,2050060208,2050_2050-year-round
354300,2050060212,2050_2050-year-round
354304,2050060216,2050_2050-year-round
354308,2050060220,2050_2050-year-round
354312,2050060300,2050_2050-year-round
354316,2050060304,2050_2050-year-round
354320,2050060308,2050_2050-year-round
354324,2050060312,2050_2050-year-round
354328,2050060316,2050_2050-year-round
354332,2050060320,2050_2050-year-round
354336,2050060400,2050_2050-year-round
354340,2050060404,2050_2050-year-round
354344,2050060408,2050_2050-year-round
354348,2050060412,2050_2050-year-round
354352,2050060416,2050_2050-year-round
354356,2050060420,2050_2050-year-round
354360,2050060500,2050_2050-year-round
354364,2050060504,2050_2050-year-round
354368,2050060508,2050_2050-year-round
354372,2050060512,2050_2050-year-round
354376,2050060516,2050_2050-year-round
354380,2050060520,2050_2050-year-round
354384,2050060600,2050_2050-year-round
354388,2050060604,2050_2050-year-round
354392,2050060608,2050_2050-year-round
354396,2050060612,2050_2050-year-round
354400,2050060616,2050_2050-year-round
354404,2050060620,2050_2050-year-round
354408,2050060700,2050_2050-year-round
354412,2050060704,2050_2050-year-round
354416,2050060708,2050_2050-year-round
354420,2050060712,2050_2050-year-round
354424,2050060716,2050_2050-year-round
354428,2050060720,2050_2050-year-round
354432,2050060800,2050_2050-year-round
354436,2050060804,2050_2050-year-round
354440,2050060808,2050_2050-year-round
354444,2050060812,2050_2050-year-round
354448,2050060816,2050_2050-year-round
354452,2050060820,2050_2050-year-round
354456,2050060900,2050_2050-year-round
354460,2050060904,2050_2050-year-round
354464,2050060908,2050_2050-year-round
354468,2050060912,2050_2050-year-round
354472,2050060916,2050_2050-year-round
354476,2050060920,2050_2050-year-round
354480,2050061000,2050_2050-year-round
354484,2050061004,2050_2050-year-round
354488,2050061008,2050_2050-year-round
354492,2050061012,2050_2050-year-round
354496,2050061016,2050_2050-year-round
354500,2050061020,2050_2050-year-round
354504,2050061100,2050_2050-year-round
354508,2050061104,2050_2050-year-round
354512,2050061108,2050_2050-year-round
354516,2050061112,2050_2050-year-round
354520,2050061116,2050_2050-year-round
354524,2050061120,2050_2050-year-round
354528,2050061200,2050_2050-year-round
354532,2050061204,2050_2050-year-round
354536,2050061208,2050_2050-year-round
354540,2050061212,2050_2050-year-round
354544,2050061216,2050_2050-year-round
354548,2050061220,2050_2050-year-round
354552,2050061300,2050_2050-year-round
354556,2050061304,2050_2050-year-round
354560,2050061308,2050_2050-year-round
354564,2050061312,2050_2050-year-round
354568,2050061316,2050_2050-year-round
354572,2050061320,2050_2050-year-round
354576,2050061400,2050_2050-year-round
354580,2050061404,2050_2050-year-round
354584,2050061408,2050_2050-year-round
354588,2050061412,2050_2050-year-round
354592,2050061416,2050_2050-year-round
354596,2050061420,2050_2050-year-round
354600,2050061500,2050_2050-year-round
354604,2050061504,2050_2050-year-round
354608,2050061508,2050_2050-year-round
354612,2050061512,2050_2050-year-round
354616,2050061516,2050_2050-year-round
354620,2050061520,2050_2050-year-round
354624,2050061600,2050_2050-year-round
354628,2050061604,2050_2050-year-round
354632,2050061608,2050_2050-year-round
354636,2050061612,2050_2050-year-round
354640,2050061616,2050_2050-year-round
354644,2050061620,2050_2050-year-round
354648,2050061700,2050_2050-year-round
354652,2050061704,2050_2050-year-round
354656,2050061708,2050_2050-year-round
354660,2050061712,2050_2050-year-round
354664,2050061716,2050_2050-year-round
354668,2050061720,2050_2050-year-round
354672,2050061800,2050_2050-year-round
354676,2050061804,2050_2050-year-round
354680,2050061808,2050_2050-year-round
354684,2050061812,2050_2050-year-round
354688,2050061816,2050_2050-year-round
354692,2050061820,2050_2050-year-round
354696,2050061900,2050_2050-year-round
354700,2050061904,2050_2050-year-round
354704,2050061908,2050_2050-year-round
354708,2050061912,2050_2050-year-round
354712,2050061916,2050_2050-year-round
354716,2050061920,2050_2050-year-round
354720,2050062000,2050_2050-year-round
354724,2050062004,2050_2050-year-round
354728,2050062008,2050_2050-year-round
354732,2050062012,2050_2050-year-round
354736,2050062016,2050_2050-year-round
354740,2050062020,2050_2050-year-round
354744,2050062100,2050_2050-year-round
354748,2050062104,2050_2050-year-round
354752,2050062108,2050_2050-year-round
354756,2050062112,2050_2050-year-round
354760,2050062116,2050_2050-year-round
354764,2050062120,2050_2050-year-round
354768,2050062200,2050_2050-year-round
354772,2050062204,2050_2050-year-round
354776,2050062208,2050_2050-year-round
354780,2050062212,2050_2050-year-round
354784,2050062216,2050_2050-year-round
354788,2050062220,2050_2050-year-round
354792,2050062300,2050_2050-year-round
354796,2050062304,2050_2050-year-round
354800,2050062308,2050_2050-year-round
354804,2050062312,2050_2050-year-round
354808,2050062316,2050_2050-year-round
354812,2050062320,2050_2050-year-round
354816,2050062400,2050_2050-year-round
354820,2050062404,2050_2050-year-round
354824,2050062408,2050_2050-year-round
354828,2050062412,2050_2050-year-round
354832,2050062416,2050_2050-year-round
354836,2050062420,2050_2050-year-round
354840,2050062500,2050_2050-year-round
354844,2050062504,2050_2050-year-round
354848,2050062508,2050_2050-year-round
354852,2050062512,2050_2050-year-round
354856,2050062516,2050_2050-year-round
354860,2050062520,2050_2050-year-round
354864,2050062600,2050_2050-year-round
354868,2050062604,2050_2050-year-round
354872,2050062608,2050_2050-year-round
354876,2050062612,2050_2050-year-round
354880,2050062616,2050_2050-year-round
354884,2050062620,2050_2050-year-round
354888,2050062700,2050_2050-year-round
354892,2050062704,2050_2050-year-round
354896,2050062708,2050_2050-year-round
354900,2050062712,2050_2050-year-round
354904,2050062716,2050_2050-year-round
354908,2050062720,2050_2050-year-round
354912,2050062800,2050_2050-year-round
354916,2050062804,2050_2050-year-round
354920,2050062808,2050_2050-year-round
354924,2050062812,2050_2050-year-round
354928,2050062816,2050_2050-year-round
354932,2050062820,2050_2050-year-round
354936,2050062900,2050_2050-year-round
354940,2050062904,2050_2050-year-round
354944,2050062908,2050_2050-year-round
354948,2050062912,2050_2050-year-round
354952,2050062916,2050_2050-year-round
354956,2050062920,2050_2050-year-round
354960,2050063000,2050_2050-year-round
354964,2050063004,2050_2050-year-round
354968,2050063008,2050_2050-year-round
354972,2050063012,2050_2050-year-round
354976,2050063016,2050_2050-year-round
354980,2050063020,2050_2050-year-round
354984,2050070100,2050_2050-year-round
354988,2050070104,2050_2050-year-round
354992,2050070108,2050_2050-year-round
354996,2050070112,2050_2050-year-round
355000,2050070116,2050_2050-year-round
355004,2050070120,2050_2050-year-round
355008,2050070200,2050_2050-year-round
355012,2050070204,2050_2050-year-round
355016,2050070208,2050_2050-year-round
355020,2050070212,2050_2050-year-round
355024,2050070216,2050_2050-year-round
355028,2050070220,2050_2050-year-round
355032,2050070300,2050_2050-year-round
355036,2050070304,2050_2050-year-round
355040,2050070308,2050_2050-year-round
355044,2050070312,2050_2050-year-round
355048,2050070316,2050_2050-year-round
355052,2050070320,2050_2050-year-round
355056,2050070400,2050_2050-year-round
355060,2050070404,2050_2050-year-round
355064,2050070408,2050_2050-year-round
355068,2050070412,2050_2050-year-round
355072,2050070416,2050_2050-year-round
355076,2050070420,2050_2050-year-round
355080,2050070500,2050_2050-year-round
355084,2050070504,2050_2050-year-round
355088,2050070508,2050_2050-year-round
355092,2050070512,2050_2050-year-round
355096,2050070516,2050_2050-year-round
355100,2050070520,2050_2050-year-round
355104,2050070600,2050_2050-year-round
355108,2050070604,2050_2050-year-round
355112,2050070608,2050_2050-year-round
355116,2050070612,2050_2050-year-round
355120,2050070616,2050_2050-year-round
355124,2050070620,2050_2050-year-round
355128,2050070700,2050_2050-year-round
355132,2050070704,2050_2050-year-round
355136,2050070708,2050_2050-year-round
355140,2050070712,2050_2050-year-round
355144,2050070716,2050_2050-year-round
355148,2050070720,2050_2050-year-round
355152,2050070800,2050_2050-year-round
355156,2050070804,2050_2050-year-round
355160,2050070808,2050_2050-year-round
355164,2050070812,2050_2050-year-round
355168,2050070816,2050_2050-year-round
355172,2050070820,2050_2050-year-round
355176,2050070900,2050_2050-year-round
355180,2050070904,2050_2050-year-round
355184,2050070908,2050_2050-year-round
355188,2050070912,2050_2050-year-round
355192,2050070916,2050_2050-year-round
355196,2050070920,2050_2050-year-round
355200,2050071000,2050_2050-year-round
355204,2050071004,2050_2050-year-round
355208,2050071008,2050_2050-year-round
355212,2050071012,2050_2050-year-round
355216,2050071016,2050_2050-year-round
355220,2050071020,2050_2050-year-round
355224,2050071100,2050_2050-year-round
355228,2050071104,2050_2050-year-round
355232,2050071108,2050_2050-year-round
355236,2050071112,2050_2050-year-round
355240,2050071116,2050_2050-year-round
355244,2050071120,2050_2050-year-round
355248,2050071200,2050_2050-year-round
355252,2050071204,2050_2050-year-round
355256,2050071208,2050_2050-year-round
355260,2050071212,2050_2050-year-round
355264,2050071216,2050_2050-year-round
355268,2050071220,2050_2050-year-round
355272,2050071300,2050_2050-year-round
355276,2050071304,2050_2050-year-round
355280,2050071308,2050_2050-year-round
355284,2050071312,2050_2050-year-round
355288,2050071316,2050_2050-year-round
355292,2050071320,2050_2050-year-round
355296,2050071400,2050_2050-year-round
355300,2050071404,2050_2050-year-round
355304,2050071408,2050_2050-year-round
355308,2050071412,2050_2050-year-round
355312,2050071416,2050_2050-year-round
355316,2050071420,2050_2050-year-round
355320,2050071500,2050_2050-year-round
355324,2050071504,2050_2050-year-round
355328,2050071508,2050_2050-year-round
355332,2050071512,2050_2050-year-round
355336,2050071516,2050_2050-year-round
355340,2050071520,2050_2050-year-round
355344,2050071600,2050_2050-year-round
355348,2050071604,2050_2050-year-round
355352,2050071608,2050_2050-year-round
355356,2050071612,2050_2050-year-round
355360,2050071616,2050_2050-year-round
355364,2050071620,2050_2050-year-round
355368,2050071700,2050_2050-year-round
355372,2050071704,2050_2050-year-round
355376,2050071708,2050_2050-year-round
355380,2050071712,2050_2050-year-round
355384,2050071716,2050_2050-year-round
355388,2050071720,2050_2050-year-round
355392,2050071800,2050_2050-year-round
355396,2050071804,2050_2050-year-round
355400,2050071808,2050_2050-year-round
355404,2050071812,2050_2050-year-round
355408,2050071816,2050_2050-year-round
355412,2050071820,2050_2050-year-round
355416,2050071900,2050_2050-year-round
355420,2050071904,2050_2050-year-round
355424,2050071908,2050_2050-year-round
355428,2050071912,2050_2050-year-round
355432,2050071916,2050_2050-year-round
355436,2050071920,2050_2050-year-round
355440,2050072000,2050_2050-year-round
355444,2050072004,2050_2050-year-round
355448,2050072008,2050_2050-year-round
355452,2050072012,2050_2050-year-round
355456,2050072016,2050_2050-year-round
355460,2050072020,2050_2050-year-round
355464,2050072100,2050_2050-year-round
355468,2050072104,2050_2050-year-round
355472,2050072108,2050_2050-year-round
355476,2050072112,2050_2050-year-round
355480,2050072116,2050_2050-year-round
355484,2050072120,2050_2050-year-round
355488,2050072200,2050_2050-year-round
355492,2050072204,2050_2050-year-round
355496,2050072208,2050_2050-year-round
355500,2050072212,2050_2050-year-round
355504,2050072216,2050_2050-year-round
355508,2050072220,2050_2050-year-round
355512,2050072300,2050_2050-year-round
355516,2050072304,2050_2050-year-round
355520,2050072308,2050_2050-year-round
355524,2050072312,2050_2050-year-round
355528,2050072316,2050_2050-year-round
355532,2050072320,2050_2050-year-round
355536,2050072400,2050_2050-year-round
355540,2050072404,2050_2050-year-round
355544,2050072408,2050_2050-year-round
355548,2050072412,2050_2050-year-round
355552,2050072416,2050_2050-year-round
355556,2050072420,2050_2050-year-round
355560,2050072500,2050_2050-year-round
355564,2050072504,2050_2050-year-round
355568,2050072508,2050_2050-year-round
355572,2050072512,2050_2050-year-round
355576,2050072516,2050_2050-year-round
355580,2050072520,2050_2050-year-round
355584,2050072600,2050_2050-year-round
355588,2050072604,2050_2050-year-round
355592,2050072608,2050_2050-year-round
355596,2050072612,2050_2050-year-round
355600,2050072616,2050_2050-year-round
355604,2050072620,2050_2050-year-round
355608,2050072700,2050_2050-year-round
355612,2050072704,2050_2050-year-round
355616,2050072708,2050_2050-year-round
355620,2050072712,2050_2050-year-round
355624,2050072716,2050_2050-year-round
355628,2050072720,2050_2050-year-round
355632,2050072800,2050_2050-year-round
355636,2050072804,2050_2050-year-round
355640,2050072808,2050_2050-year-round
355644,2050072812,2050_2050-year-round
355648,2050072816,2050_2050-year-round
355652,2050072820,2050_2050-year-round
355656,2050072900,2050_2050-year-round
355660,2050072904,2050_2050-year-round
355664,2050072908,2050_2050-year-round
355668,2050072912,2050_2050-year-round
355672,2050072916,2050_2050-year-round
355676,2050072920,2050_2050-year-round
355680,2050073000,2050_2050-year-round
355684,2050073004,2050_2050-year-round
355688,2050073008,2050_2050-year-round
355692,2050073012,2050_2050-year-round
355696,2050073016,2050_2050-year-round
355700,2050073020,2050_2050-year-round
355704,2050073100,2050_2050-year-round
355708,2050073104,2050_2050-year-round
355712,2050073108,2050_2050-year-round
355716,2050073112,2050_2050-year-round
355720,2050073116,2050_2050-year-round
355724,2050073120,2050_2050-year-round
355728,2050080100,2050_2050-year-round
355732,2050080104,2050_2050-year-round
355736,2050080108,2050_2050-year-round
355740,2050080112,2050_2050-year-round
355744,2050080116,2050_2050-year-round
355748,2050080120,2050_2050-year-round
355752,2050080200,2050_2050-year-round
355756,2050080204,2050_2050-year-round
355760,2050080208,2050_2050-year-round
355764,2050080212,2050_2050-year-round
355768,2050080216,2050_2050-year-round
355772,2050080220,2050_2050-year-round
355776,2050080300,2050_2050-year-round
355780,2050080304,2050_2050-year-round
355784,2050080308,2050_2050-year-round
355788,2050080312,2050_2050-year-round
355792,2050080316,2050_2050-year-round
355796,2050080320,2050_2050-year-round
355800,2050080400,2050_2050-year-round
355804,2050080404,2050_2050-year-round
355808,2050080408,2050_2050-year-round
355812,2050080412,2050_2050-year-round
355816,2050080416,2050_2050-year-round
355820,2050080420,2050_2050-year-round
355824,2050080500,2050_2050-year-round
355828,2050080504,2050_2050-year-round
355832,2050080508,2050_2050-year-round
355836,2050080512,2050_2050-year-round
355840,2050080516,2050_2050-year-round
355844,2050080520,2050_2050-year-round
355848,2050080600,2050_2050-year-round
355852,2050080604,2050_2050-year-round
355856,2050080608,2050_2050-year-round
355860,2050080612,2050_2050-year-round
355864,2050080616,2050_2050-year-round
355868,2050080620,2050_2050-year-round
355872,2050080700,2050_2050-year-round
355876,2050080704,2050_2050-year-round
355880,2050080708,2050_2050-year-round
355884,2050080712,2050_2050-year-round
355888,2050080716,2050_2050-year-round
355892,2050080720,2050_2050-year-round
355896,2050080800,2050_2050-year-round
355900,2050080804,2050_2050-year-round
355904,2050080808,2050_2050-year-round
355908,2050080812,2050_2050-year-round
355912,2050080816,2050_2050-year-round
355916,2050080820,2050_2050-year-round
355920,2050080900,2050_2050-year-round
355924,2050080904,2050_2050-year-round
355928,2050080908,2050_2050-year-round
355932,2050080912,2050_2050-year-round
355936,2050080916,2050_2050-year-round
355940,2050080920,2050_2050-year-round
355944,2050081000,2050_2050-year-round
355948,2050081004,2050_2050-year-round
355952,2050081008,2050_2050-year-round
355956,2050081012,2050_2050-year-round
355960,2050081016,2050_2050-year-round
355964,2050081020,2050_2050-year-round
355968,2050081100,2050_2050-year-round
355972,2050081104,2050_2050-year-round
355976,2050081108,2050_2050-year-round
355980,2050081112,2050_2050-year-round
355984,2050081116,2050_2050-year-round
355988,2050081120,2050_2050-year-round
355992,2050081200,2050_2050-year-round
355996,2050081204,2050_2050-year-round
356000,2050081208,2050_2050-year-round
356004,2050081212,2050_2050-year-round
356008,2050081216,2050_2050-year-round
356012,2050081220,2050_2050-year-round
356016,2050081300,2050_2050-year-round
356020,2050081304,2050_2050-year-round
356024,2050081308,2050_2050-year-round
356028,2050081312,2050_2050-year-round
356032,2050081316,2050_2050-year-round
356036,2050081320,2050_2050-year-round
356040,2050081400,2050_2050-year-round
356044,2050081404,2050_2050-year-round
356048,2050081408,2050_2050-year-round
356052,2050081412,2050_2050-year-round
356056,2050081416,2050_2050-year-round
356060,2050081420,2050_2050-year-round
356064,2050081500,2050_2050-year-round
356068,2050081504,2050_2050-year-round
356072,2050081508,2050_2050-year-round
356076,2050081512,2050_2050-year-round
356080,2050081516,2050_2050-year-round
356084,2050081520,2050_2050-year-round
356088,2050081600,2050_2050-year-round
356092,2050081604,2050_2050-year-round
356096,2050081608,2050_2050-year-round
356100,2050081612,2050_2050-year-round
356104,2050081616,2050_2050-year-round
356108,2050081620,2050_2050-year-round
356112,2050081700,2050_2050-year-round
356116,2050081704,2050_2050-year-round
356120,2050081708,2050_2050-year-round
356124,2050081712,2050_2050-year-round
356128,2050081716,2050_2050-year-round
356132,2050081720,2050_2050-year-round
356136,2050081800,2050_2050-year-round
356140,2050081804,2050_2050-year-round
356144,2050081808,2050_2050-year-round
356148,2050081812,2050_2050-year-round
356152,2050081816,2050_2050-year-round
356156,2050081820,2050_2050-year-round
356160,2050081900,2050_2050-year-round
356164,2050081904,2050_2050-year-round
356168,2050081908,2050_2050-year-round
356172,2050081912,2050_2050-year-round
356176,2050081916,2050_2050-year-round
356180,2050081920,2050_2050-year-round
356184,2050082000,2050_2050-year-round
356188,2050082004,2050_2050-year-round
356192,2050082008,2050_2050-year-round
356196,2050082012,2050_2050-year-round
356200,2050082016,2050_2050-year-round
356204,2050082020,2050_2050-year-round
356208,2050082100,2050_2050-year-round
356212,2050082104,2050_2050-year-round
356216,2050082108,2050_2050-year-round
356220,2050082112,2050_2050-year-round
356224,2050082116,2050_2050-year-round
356228,2050082120,2050_2050-year-round
356232,2050082200,2050_2050-year-round
356236,2050082204,2050_2050-year-round
356240,2050082208,2050_2050-year-round
356244,2050082212,2050_2050-year-round
356248,2050082216,2050_2050-year-round
356252,2050082220,2050_2050-year-round
356256,2050082300,2050_2050-year-round
356260,2050082304,2050_2050-year-round
356264,2050082308,2050_2050-year-round
356268,2050082312,2050_2050-year-round
356272,2050082316,2050_2050-year-round
356276,2050082320,2050_2050-year-round
356280,2050082400,2050_2050-year-round
356284,2050082404,2050_2050-year-round
356288,2050082408,2050_2050-year-round
356292,2050082412,2050_2050-year-round
356296,2050082416,2050_2050-year-round
356300,2050082420,2050_2050-year-round
356304,2050082500,2050_2050-year-round
356308,2050082504,2050_2050-year-round
356312,2050082508,2050_2050-year-round
356316,2050082512,2050_2050-year-round
356320,2050082516,2050_2050-year-round
356324,2050082520,2050_2050-year-round
356328,2050082600,2050_2050-year-round
356332,2050082604,2050_2050-year-round
356336,2050082608,2050_2050-year-round
356340,2050082612,2050_2050-year-round
356344,2050082616,2050_2050-year-round
356348,2050082620,2050_2050-year-round
356352,2050082700,2050_2050-year-round
356356,2050082704,2050_2050-year-round
356360,2050082708,2050_2050-year-round
356364,2050082712,2050_2050-year-round
356368,2050082716,2050_2050-year-round
356372,2050082720,2050_2050-year-round
356376,2050082800,2050_2050-year-round
356380,2050082804,2050_2050-year-round
356384,2050082808,2050_2050-year-round
356388,2050082812,2050_2050-year-round
356392,2050082816,2050_2050-year-round
356396,2050082820,2050_2050-year-round
356400,2050082900,2050_2050-year-round
356404,2050082904,2050_2050-year-round
356408,2050082908,2050_2050-year-round
356412,2050082912,2050_2050-year-round
356416,2050082916,2050_2050-year-round
356420,2050082920,2050_2050-year-round
356424,2050083000,2050_2050-year-round
356428,2050083004,2050_2050-year-round
356432,2050083008,2050_2050-year-round
356436,2050083012,2050_2050-year-round
356440,2050083016,2050_2050-year-round
356444,2050083020,2050_2050-year-round
356448,2050083100,2050_2050-year-round
356452,2050083104,2050_2050-year-round
356456,2050083108,2050_2050-year-round
356460,2050083112,2050_2050-year-round
356464,2050083116,2050_2050-year-round
356468,2050083120,2050_2050-year-round
356472,2050090100,2050_2050-year-round
356476,2050090104,2050_2050-year-round
356480,2050090108,2050_2050-year-round
356484,2050090112,2050_2050-year-round
356488,2050090116,2050_2050-year-round
356492,2050090120,2050_2050-year-round
356496,2050090200,2050_2050-year-round
356500,2050090204,2050_2050-year-round
356504,2050090208,2050_2050-year-round
356508,2050090212,2050_2050-year-round
356512,2050090216,2050_2050-year-round
356516,2050090220,2050_2050-year-round
356520,2050090300,2050_2050-year-round
356524,2050090304,2050_2050-year-round
356528,2050090308,2050_2050-year-round
356532,2050090312,2050_2050-year-round
356536,2050090316,2050_2050-year-round
356540,2050090320,2050_2050-year-round
356544,2050090400,2050_2050-year-round
356548,2050090404,2050_2050-year-round
356552,2050090408,2050_2050-year-round
356556,2050090412,2050_2050-year-round
356560,2050090416,2050_2050-year-round
356564,2050090420,2050_2050-year-round
356568,2050090500,2050_2050-year-round
356572,2050090504,2050_2050-year-round
356576,2050090508,2050_2050-year-round
356580,2050090512,2050_2050-year-round
356584,2050090516,2050_2050-year-round
356588,2050090520,2050_2050-year-round
356592,2050090600,2050_2050-year-round
356596,2050090604,2050_2050-year-round
356600,2050090608,2050_2050-year-round
356604,2050090612,2050_2050-year-round
356608,2050090616,2050_2050-year-round
356612,2050090620,2050_2050-year-round
356616,2050090700,2050_2050-year-round
356620,2050090704,2050_2050-year-round
356624,2050090708,2050_2050-year-round
356628,2050090712,2050_2050-year-round
356632,2050090716,2050_2050-year-round
356636,2050090720,2050_2050-year-round
356640,2050090800,2050_2050-year-round
356644,2050090804,2050_2050-year-round
356648,2050090808,2050_2050-year-round
356652,2050090812,2050_2050-year-round
356656,2050090816,2050_2050-year-round
356660,2050090820,2050_2050-year-round
356664,2050090900,2050_2050-year-round
356668,2050090904,2050_2050-year-round
356672,2050090908,2050_2050-year-round
356676,2050090912,2050_2050-year-round
356680,2050090916,2050_2050-year-round
356684,2050090920,2050_2050-year-round
356688,2050091000,2050_2050-year-round
356692,2050091004,2050_2050-year-round
356696,2050091008,2050_2050-year-round
356700,2050091012,2050_2050-year-round
356704,2050091016,2050_2050-year-round
356708,2050091020,2050_2050-year-round
356712,2050091100,2050_2050-year-round
356716,2050091104,2050_2050-year-round
356720,2050091108,2050_2050-year-round
356724,2050091112,2050_2050-year-round
356728,2050091116,2050_2050-year-round
356732,2050091120,2050_2050-year-round
356736,2050091200,2050_2050-year-round
356740,2050091204,2050_2050-year-round
356744,2050091208,2050_2050-year-round
356748,2050091212,2050_2050-year-round
356752,2050091216,2050_2050-year-round
356756,2050091220,2050_2050-year-round
356760,2050091300,2050_2050-year-round
356764,2050091304,2050_2050-year-round
356768,2050091308,2050_2050-year-round
356772,2050091312,2050_2050-year-round
356776,2050091316,2050_2050-year-round
356780,2050091320,2050_2050-year-round
356784,2050091400,2050_2050-year-round
356788,2050091404,2050_2050-year-round
356792,2050091408,2050_2050-year-round
356796,2050091412,2050_2050-year-round
356800,2050091416,2050_2050-year-round
356804,2050091420,2050_2050-year-round
356808,2050091500,2050_2050-year-round
356812,2050091504,2050_2050-year-round
356816,2050091508,2050_2050-year-round
356820,2050091512,2050_2050-year-round
356824,2050091516,2050_2050-year-round
356828,2050091520,2050_2050-year-round
356832,2050091600,2050_2050-year-round
356836,2050091604,2050_2050-year-round
356840,2050091608,2050_2050-year-round
356844,2050091612,2050_2050-year-round
356848,2050091616,2050_2050-year-round
356852,2050091620,2050_2050-year-round
356856,2050091700,2050_2050-year-round
356860,2050091704,2050_2050-year-round
356864,2050091708,2050_2050-year-round
356868,2050091712,2050_2050-year-round
356872,2050091716,2050_2050-year-round
356876,2050091720,2050_2050-year-round
356880,2050091800,2050_2050-year-round
356884,2050091804,2050_2050-year-round
356888,2050091808,2050_2050-year-round
356892,2050091812,2050_2050-year-round
356896,2050091816,2050_2050-year-round
356900,2050091820,2050_2050-year-round
356904,2050091900,2050_2050-year-round
356908,2050091904,2050_2050-year-round
356912,2050091908,2050_2050-year-round
356916,2050091912,2050_2050-year-round
356920,2050091916,2050_2050-year-round
356924,2050091920,2050_2050-year-round
356928,2050092000,2050_2050-year-round
356932,2050092004,2050_2050-year-round
356936,2050092008,2050_2050-year-round
356940,2050092012,2050_2050-year-round
356944,2050092016,2050_2050-year-round
356948,2050092020,2050_2050-year-round
356952,2050092100,2050_2050-year-round
356956,2050092104,2050_2050-year-round
356960,2050092108,2050_2050-year-round
356964,2050092112,2050_2050-year-round
356968,2050092116,2050_2050-year-round
356972,2050092120,2050_2050-year-round
356976,2050092200,2050_2050-year-round
356980,2050092204,2050_2050-year-round
356984,2050092208,2050_2050-year-round
356988,2050092212,2050_2050-year-round
356992,2050092216,2050_2050-year-round
356996,2050092220,2050_2050-year-round
357000,2050092300,2050_2050-year-round
357004,2050092304,2050_2050-year-round
357008,2050092308,2050_2050-year-round
357012,2050092312,2050_2050-year-round
357016,2050092316,2050_2050-year-round
357020,2050092320,2050_2050-year-round
357024,2050092400,2050_2050-year-round
357028,2050092404,2050_2050-year-round
357032,2050092408,2050_2050-year-round
357036,2050092412,2050_2050-year-round
357040,2050092416,2050_2050-year-round
357044,2050092420,2050_2050-year-round
357048,2050092500,2050_2050-year-round
357052,2050092504,2050_2050-year-round
357056,2050092508,2050_2050-year-round
357060,2050092512,2050_2050-year-round
357064,2050092516,2050_2050-year-round
357068,2050092520,2050_2050-year-round
357072,2050092600,2050_2050-year-round
357076,2050092604,2050_2050-year-round
357080,2050092608,2050_2050-year-round
357084,2050092612,2050_2050-year-round
357088,2050092616,2050_2050-year-round
357092,2050092620,2050_2050-year-round
357096,2050092700,2050_2050-year-round
357100,2050092704,2050_2050-year-round
357104,2050092708,2050_2050-year-round
357108,2050092712,2050_2050-year-round
357112,2050092716,2050_2050-year-round
357116,2050092720,2050_2050-year-round
357120,2050092800,2050_2050-year-round
357124,2050092804,2050_2050-year-round
357128,2050092808,2050_2050-year-round
357132,2050092812,2050_2050-year-round
357136,2050092816,2050_2050-year-round
357140,2050092820,2050_2050-year-round
357144,2050092900,2050_2050-year-round
357148,2050092904,2050_2050-year-round
357152,2050092908,2050_2050-year-round
357156,2050092912,2050_2050-year-round
357160,2050092916,2050_2050-year-round
357164,2050092920,2050_2050-year-round
357168,2050093000,2050_2050-year-round
357172,2050093004,2050_2050-year-round
357176,2050093008,2050_2050-year-round
357180,2050093012,2050_2050-year-round
357184,2050093016,2050_2050-year-round
357188,2050093020,2050_2050-year-round
357192,2050100100,2050_2050-year-round
357196,2050100104,2050_2050-year-round
357200,2050100108,2050_2050-year-round
357204,2050100112,2050_2050-year-round
357208,2050100116,2050_2050-year-round
357212,2050100120,2050_2050-year-round
357216,2050100200,2050_2050-year-round
357220,2050100204,2050_2050-year-round
357224,2050100208,2050_2050-year-round
357228,2050100212,2050_2050-year-round
357232,2050100216,2050_2050-year-round
357236,2050100220,2050_2050-year-round
357240,2050100300,2050_2050-year-round
357244,2050100304,2050_2050-year-round
357248,2050100308,2050_2050-year-round
357252,2050100312,2050_2050-year-round
357256,2050100316,2050_2050-year-round
357260,2050100320,2050_2050-year-round
357264,2050100400,2050_2050-year-round
357268,2050100404,2050_2050-year-round
357272,2050100408,2050_2050-year-round
357276,2050100412,2050_2050-year-round
357280,2050100416,2050_2050-year-round
357284,2050100420,2050_2050-year-round
357288,2050100500,2050_2050-year-round
357292,2050100504,2050_2050-year-round
357296,2050100508,2050_2050-year-round
357300,2050100512,2050_2050-year-round
357304,2050100516,2050_2050-year-round
357308,2050100520,2050_2050-year-round
357312,2050100600,2050_2050-year-round
357316,2050100604,2050_2050-year-round
357320,2050100608,2050_2050-year-round
357324,2050100612,2050_2050-year-round
357328,2050100616,2050_2050-year-round
357332,2050100620,2050_2050-year-round
357336,2050100700,2050_2050-year-round
357340,2050100704,2050_2050-year-round
357344,2050100708,2050_2050-year-round
357348,2050100712,2050_2050-year-round
357352,2050100716,2050_2050-year-round
357356,2050100720,2050_2050-year-round
357360,2050100800,2050_2050-year-round
357364,2050100804,2050_2050-year-round
357368,2050100808,2050_2050-year-round
357372,2050100812,2050_2050-year-round
357376,2050100816,2050_2050-year-round
357380,2050100820,2050_2050-year-round
357384,2050100900,2050_2050-year-round
357388,2050100904,2050_2050-year-round
357392,2050100908,2050_2050-year-round
357396,2050100912,2050_2050-year-round
357400,2050100916,2050_2050-year-round
357404,2050100920,2050_2050-year-round
357408,2050101000,2050_2050-year-round
357412,2050101004,2050_2050-year-round
357416,2050101008,2050_2050-year-round
357420,2050101012,2050_2050-year-round
357424,2050101016,2050_2050-year-round
357428,2050101020,2050_2050-year-round
357432,2050101100,2050_2050-year-round
357436,2050101104,2050_2050-year-round
357440,2050101108,2050_2050-year-round
357444,2050101112,2050_2050-year-round
357448,2050101116,2050_2050-year-round
357452,2050101120,2050_2050-year-round
357456,2050101200,2050_2050-year-round
357460,2050101204,2050_2050-year-round
357464,2050101208,2050_2050-year-round
357468,2050101212,2050_2050-year-round
357472,2050101216,2050_2050-year-round
357476,2050101220,2050_2050-year-round
357480,2050101300,2050_2050-year-round
357484,2050101304,2050_2050-year-round
357488,2050101308,2050_2050-year-round
357492,2050101312,2050_2050-year-round
357496,2050101316,2050_2050-year-round
357500,2050101320,2050_2050-year-round
357504,2050101400,2050_2050-year-round
357508,2050101404,2050_2050-year-round
357512,2050101408,2050_2050-year-round
357516,2050101412,2050_2050-year-round
357520,2050101416,2050_2050-year-round
357524,2050101420,2050_2050-year-round
357528,2050101500,2050_2050-year-round
357532,2050101504,2050_2050-year-round
357536,2050101508,2050_2050-year-round
357540,2050101512,2050_2050-year-round
357544,2050101516,2050_2050-year-round
357548,2050101520,2050_2050-year-round
357552,2050101600,2050_2050-year-round
357556,2050101604,2050_2050-year-round
357560,2050101608,2050_2050-year-round
357564,2050101612,2050_2050-year-round
357568,2050101616,2050_2050-year-round
357572,2050101620,2050_2050-year-round
357576,2050101700,2050_2050-year-round
357580,2050101704,2050_2050-year-round
357584,2050101708,2050_2050-year-round
357588,2050101712,2050_2050-year-round
357592,2050101716,2050_2050-year-round
357596,2050101720,2050_2050-year-round
357600,2050101800,2050_2050-year-round
357604,2050101804,2050_2050-year-round
357608,2050101808,2050_2050-year-round
357612,2050101812,2050_2050-year-round
357616,2050101816,2050_2050-year-round
357620,2050101820,2050_2050-year-round
357624,2050101900,2050_2050-year-round
357628,2050101904,2050_2050-year-round
357632,2050101908,2050_2050-year-round
357636,2050101912,2050_2050-year-round
357640,2050101916,2050_2050-year-round
357644,2050101920,2050_2050-year-round
357648,2050102000,2050_2050-year-round
357652,2050102004,2050_2050-year-round
357656,2050102008,2050_2050-year-round
357660,2050102012,2050_2050-year-round
357664,2050102016,2050_2050-year-round
357668,2050102020,2050_2050-year-round
357672,2050102100,2050_2050-year-round
357676,2050102104,2050_2050-year-round
357680,2050102108,2050_2050-year-round
357684,2050102112,2050_2050-year-round
357688,2050102116,2050_2050-year-round
357692,2050102120,2050_2050-year-round
357696,2050102200,2050_2050-year-round
357700,2050102204,2050_2050-year-round
357704,2050102208,2050_2050-year-round
357708,2050102212,2050_2050-year-round
357712,2050102216,2050_2050-year-round
357716,2050102220,2050_2050-year-round
357720,2050102300,2050_2050-year-round
357724,2050102304,2050_2050-year-round
357728,2050102308,2050_2050-year-round
357732,2050102312,2050_2050-year-round
357736,2050102316,2050_2050-year-round
357740,2050102320,2050_2050-year-round
357744,2050102400,2050_2050-year-round
357748,2050102404,2050_2050-year-round
357752,2050102408,2050_2050-year-round
357756,2050102412,2050_2050-year-round
357760,2050102416,2050_2050-year-round
357764,2050102420,2050_2050-year-round
357768,2050102500,2050_2050-year-round
357772,2050102504,2050_2050-year-round
357776,2050102508,2050_2050-year-round
357780,2050102512,2050_2050-year-round
357784,2050102516,2050_2050-year-round
357788,2050102520,2050_2050-year-round
357792,2050102600,2050_2050-year-round
357796,2050102604,2050_2050-year-round
357800,2050102608,2050_2050-year-round
357804,2050102612,2050_2050-year-round
357808,2050102616,2050_2050-year-round
357812,2050102620,2050_2050-year-round
357816,2050102700,2050_2050-year-round
357820,2050102704,2050_2050-year-round
357824,2050102708,2050_2050-year-round
357828,2050102712,2050_2050-year-round
357832,2050102716,2050_2050-year-round
357836,2050102720,2050_2050-year-round
357840,2050102800,2050_2050-year-round
357844,2050102804,2050_2050-year-round
357848,2050102808,2050_2050-year-round
357852,2050102812,2050_2050-year-round
357856,2050102816,2050_2050-year-round
357860,2050102820,2050_2050-year-round
357864,2050102900,2050_2050-year-round
357868,2050102904,2050_2050-year-round
357872,2050102908,2050_2050-year-round
357876,2050102912,2050_2050-year-round
357880,2050102916,2050_2050-year-round
357884,2050102920,2050_2050-year-round
357888,2050103000,2050_2050-year-round
357892,2050103004,2050_2050-year-round
357896,2050103008,2050_2050-year-round
357900,2050103012,2050_2050-year-round
357904,2050103016,2050_2050-year-round
357908,2050103020,2050_2050-year-round
357912,2050103100,2050_2050-year-round
357916,2050103104,2050_2050-year-round
357920,2050103108,2050_2050-year-round
357924,2050103112,2050_2050-year-round
357928,2050103116,2050_2050-year-round
357932,2050103120,2050_2050-year-round
357936,2050110100,2050_2050-year-round
357940,2050110104,2050_2050-year-round
357944,2050110108,2050_2050-year-round
357948,2050110112,2050_2050-year-round
357952,2050110116,2050_2050-year-round
357956,2050110120,2050_2050-year-round
357960,2050110200,2050_2050-year-round
357964,2050110204,2050_2050-year-round
357968,2050110208,2050_2050-year-round
357972,2050110212,2050_2050-year-round
357976,2050110216,2050_2050-year-round
357980,2050110220,2050_2050-year-round
357984,2050110300,2050_2050-year-round
357988,2050110304,2050_2050-year-round
357992,2050110308,2050_2050-year-round
357996,2050110312,2050_2050-year-round
358000,2050110316,2050_2050-year-round
358004,2050110320,2050_2050-year-round
358008,2050110400,2050_2050-year-round
358012,2050110404,2050_2050-year-round
358016,2050110408,2050_2050-year-round
358020,2050110412,2050_2050-year-round
358024,2050110416,2050_2050-year-round
358028,2050110420,2050_2050-year-round
358032,2050110500,2050_2050-year-round
358036,2050110504,2050_2050-year-round
358040,2050110508,2050_2050-year-round
358044,2050110512,2050_2050-year-round
358048,2050110516,2050_2050-year-round
358052,2050110520,2050_2050-year-round
358056,2050110600,2050_2050-year-round
358060,2050110604,2050_2050-year-round
358064,2050110608,2050_2050-year-round
358068,2050110612,2050_2050-year-round
358072,2050110616,2050_2050-year-round
358076,2050110620,2050_2050-year-round
358080,2050110700,2050_2050-year-round
358084,2050110704,2050_2050-year-round
358088,2050110708,2050_2050-year-round
358092,2050110712,2050_2050-year-round
358096,2050110716,2050_2050-year-round
358100,2050110720,2050_2050-year-round
358104,2050110800,2050_2050-year-round
358108,2050110804,2050_2050-year-round
358112,2050110808,2050_2050-year-round
358116,2050110812,2050_2050-year-round
358120,2050110816,2050_2050-year-round
358124,2050110820,2050_2050-year-round
358128,2050110900,2050_2050-year-round
358132,2050110904,2050_2050-year-round
358136,2050110908,2050_2050-year-round
358140,2050110912,2050_2050-year-round
358144,2050110916,2050_2050-year-round
358148,2050110920,2050_2050-year-round
358152,2050111000,2050_2050-year-round
358156,2050111004,2050_2050-year-round
358160,2050111008,2050_2050-year-round
358164,2050111012,2050_2050-year-round
358168,2050111016,2050_2050-year-round
358172,2050111020,2050_2050-year-round
358176,2050111100,2050_2050-year-round
358180,2050111104,2050_2050-year-round
358184,2050111108,2050_2050-year-round
358188,2050111112,2050_2050-year-round
358192,2050111116,2050_2050-year-round
358196,2050111120,2050_2050-year-round
358200,2050111200,2050_2050-year-round
358204,2050111204,2050_2050-year-round
358208,2050111208,2050_2050-year-round
358212,2050111212,2050_2050-year-round
358216,2050111216,2050_2050-year-round
358220,2050111220,2050_2050-year-round
358224,2050111300,2050_2050-year-round
358228,2050111304,2050_2050-year-round
358232,2050111308,2050_2050-year-round
358236,2050111312,2050_2050-year-round
358240,2050111316,2050_2050-year-round
358244,2050111320,2050_2050-year-round
358248,2050111400,2050_2050-year-round
358252,2050111404,2050_2050-year-round
358256,2050111408,2050_2050-year-round
358260,2050111412,2050_2050-year-round
358264,2050111416,2050_2050-year-round
358268,2050111420,2050_2050-year-round
358272,2050111500,2050_2050-year-round
358276,2050111504,2050_2050-year-round
358280,2050111508,2050_2050-year-round
358284,2050111512,2050_2050-year-round
358288,2050111516,2050_2050-year-round
358292,2050111520,2050_2050-year-round
358296,2050111600,2050_2050-year-round
358300,2050111604,2050_2050-year-round
358304,2050111608,2050_2050-year-round
358308,2050111612,2050_2050-year-round
358312,2050111616,2050_2050-year-round
358316,2050111620,2050_2050-year-round
358320,2050111700,2050_2050-year-round
358324,2050111704,2050_2050-year-round
358328,2050111708,2050_2050-year-round
358332,2050111712,2050_2050-year-round
358336,2050111716,2050_2050-year-round
358340,2050111720,2050_2050-year-round
358344,2050111800,2050_2050-year-round
358348,2050111804,2050_2050-year-round
358352,2050111808,2050_2050-year-round
358356,2050111812,2050_2050-year-round
358360,2050111816,2050_2050-year-round
358364,2050111820,2050_2050-year-round
358368,2050111900,2050_2050-year-round
358372,2050111904,2050_2050-year-round
358376,2050111908,2050_2050-year-round
358380,2050111912,2050_2050-year-round
358384,2050111916,2050_2050-year-round
358388,2050111920,2050_2050-year-round
358392,2050112000,2050_2050-year-round
358396,2050112004,2050_2050-year-round
358400,2050112008,2050_2050-year-round
358404,2050112012,2050_2050-year-round
358408,2050112016,2050_2050-year-round
358412,2050112020,2050_2050-year-round
358416,2050112100,2050_2050-year-round
358420,2050112104,2050_2050-year-round
358424,2050112108,2050_2050-year-round
358428,2050112112,2050_2050-year-round
358432,2050112116,2050_2050-year-round
358436,2050112120,2050_2050-year-round
358440,2050112200,2050_2050-year-round
358444,2050112204,2050_2050-year-round
358448,2050112208,2050_2050-year-round
358452,2050112212,2050_2050-year-round
358456,2050112216,2050_2050-year-round
358460,2050112220,2050_2050-year-round
358464,2050112300,2050_2050-year-round
358468,2050112304,2050_2050-year-round
358472,2050112308,2050_2050-year-round
358476,2050112312,2050_2050-year-round
358480,2050112316,2050_2050-year-round
358484,2050112320,2050_2050-year-round
358488,2050112400,2050_2050-year-round
358492,2050112404,2050_2050-year-round
358496,2050112408,2050_2050-year-round
358500,2050112412,2050_2050-year-round
358504,2050112416,2050_2050-year-round
358508,2050112420,2050_2050-year-round
358512,2050112500,2050_2050-year-round
358516,2050112504,2050_2050-year-round
358520,2050112508,2050_2050-year-round
358524,2050112512,2050_2050-year-round
358528,2050112516,2050_2050-year-round
358532,2050112520,2050_2050-year-round
358536,2050112600,2050_2050-year-round
358540,2050112604,2050_2050-year-round
358544,2050112608,2050_2050-year-round
358548,2050112612,2050_2050-year-round
358552,2050112616,2050_2050-year-round
358556,2050112620,2050_2050-year-round
358560,2050112700,2050_2050-year-round
358564,2050112704,2050_2050-year-round
358568,2050112708,2050_2050-year-round
358572,2050112712,2050_2050-year-round
358576,2050112716,2050_2050-year-round
358580,2050112720,2050_2050-year-round
358584,2050112800,2050_2050-year-round
358588,2050112804,2050_2050-year-round
358592,2050112808,2050_2050-year-round
358596,2050112812,2050_2050-year-round
358600,2050112816,2050_2050-year-round
358604,2050112820,2050_2050-year-round
358608,2050112900,2050_2050-year-round
358612,2050112904,2050_2050-year-round
358616,2050112908,2050_2050-year-round
358620,2050112912,2050_2050-year-round
358624,2050112916,2050_2050-year-round
358628,2050112920,2050_2050-year-round
358632,2050113000,2050_2050-year-round
358636,2050113004,2050_2050-year-round
358640,2050113008,2050_2050-year-round
358644,2050113012,2050_2050-year-round
358648,2050113016,2050_2050-year-round
358652,2050113020,2050_2050-year-round
358656,2050120100,2050_2050-year-round
358660,2050120104,2050_2050-year-round
358664,2050120108,2050_2050-year-round
358668,2050120112,2050_2050-year-round
358672,2050120116,2050_2050-year-round
358676,2050120120,2050_2050-year-round
358680,2050120200,2050_2050-year-round
358684,2050120204,2050_2050-year-round
358688,2050120208,2050_2050-year-round
358692,2050120212,2050_2050-year-round
358696,2050120216,2050_2050-year-round
358700,2050120220,2050_2050-year-round
358704,2050120300,2050_2050-year-round
358708,2050120304,2050_2050-year-round
358712,2050120308,2050_2050-year-round
358716,2050120312,2050_2050-year-round
358720,2050120316,2050_2050-year-round
358724,2050120320,2050_2050-year-round
358728,2050120400,2050_2050-year-round
358732,2050120404,2050_2050-year-round
358736,2050120408,2050_2050-year-round
358740,2050120412,2050_2050-year-round
358744,2050120416,2050_2050-year-round
358748,2050120420,2050_2050-year-round
358752,2050120500,2050_2050-year-round
358756,2050120504,2050_2050-year-round
358760,2050120508,2050_2050-year-round
358764,2050120512,2050_2050-year-round
358768,2050120516,2050_2050-year-round
358772,2050120520,2050_2050-year-round
358776,2050120600,2050_2050-year-round
358780,2050120604,2050_2050-year-round
358784,2050120608,2050_2050-year-round
358788,2050120612,2050_2050-year-round
358792,2050120616,2050_2050-year-round
358796,2050120620,2050_2050-year-round
358800,2050120700,2050_2050-year-round
358804,2050120704,2050_2050-year-round
358808,2050120708,2050_2050-year-round
358812,2050120712,2050_2050-year-round
358816,2050120716,2050_2050-year-round
358820,2050120720,2050_2050-year-round
358824,2050120800,2050_2050-year-round
358828,2050120804,2050_2050-year-round
358832,2050120808,2050_2050-year-round
358836,2050120812,2050_2050-year-round
358840,2050120816,2050_2050-year-round
358844,2050120820,2050_2050-year-round
358848,2050120900,2050_2050-year-round
358852,2050120904,2050_2050-year-round
358856,2050120908,2050_2050-year-round
358860,2050120912,2050_2050-year-round
358864,2050120916,2050_2050-year-round
358868,2050120920,2050_2050-year-round
358872,2050121000,2050_2050-year-round
358876,2050121004,2050_2050-year-round
358880,2050121008,2050_2050-year-round
358884,2050121012,2050_2050-year-round
358888,2050121016,2050_2050-year-round
358892,2050121020,2050_2050-year-round
358896,2050121100,2050_2050-year-round
358900,2050121104,2050_2050-year-round
358904,2050121108,2050_2050-year-round
358908,2050121112,2050_2050-year-round
358912,2050121116,2050_2050-year-round
358916,2050121120,2050_2050-year-round
358920,2050121200,2050_2050-year-round
358924,2050121204,2050_2050-year-round
358928,2050121208,2050_2050-year-round
358932,2050121212,2050_2050-year-round
358936,2050121216,2050_2050-year-round
358940,2050121220,2050_2050-year-round
358944,2050121300,2050_2050-year-round
358948,2050121304,2050_2050-year-round
358952,2050121308,2050_2050-year-round
358956,2050121312,2050_2050-year-round
358960,2050121316,2050_2050-year-round
358964,2050121320,2050_2050-year-round
358968,2050121400,2050_2050-year-round
358972,2050121404,2050_2050-year-round
358976,2050121408,2050_2050-year-round
358980,2050121412,2050_2050-year-round
358984,2050121416,2050_2050-year-round
358988,2050121420,2050_2050-year-round
358992,2050121500,2050_2050-year-round
358996,2050121504,2050_2050-year-round
359000,2050121508,2050_2050-year-round
359004,2050121512,2050_2050-year-round
359008,2050121516,2050_2050-year-round
359012,2050121520,2050_2050-year-round
359016,2050121600,2050_2050-year-round
359020,2050121604,2050_2050-year-round
359024,2050121608,2050_2050-year-round
359028,2050121612,2050_2050-year-round
359032,2050121616,2050_2050-year-round
359036,2050121620,2050_2050-year-round
359040,2050121700,2050_2050-year-round
359044,2050121704,2050_2050-year-round
359048,2050121708,2050_2050-year-round
359052,2050121712,2050_2050-year-round
359056,2050121716,2050_2050-year-round
359060,2050121720,2050_2050-year-round
359064,2050121800,2050_2050-year-round
359068,2050121804,2050_2050-year-round
359072,2050121808,2050_2050-year-round
359076,2050121812,2050_2050-year-round
359080,2050121816,2050_2050-year-round
359084,2050121820,2050_2050-year-round
359088,2050121900,2050_2050-year-round
359092,2050121904,2050_2050-year-round
359096,2050121908,2050_2050-year-round
359100,2050121912,2050_2050-year-round
359104,2050121916,2050_2050-year-round
359108,2050121920,2050_2050-year-round
359112,2050122000,2050_2050-year-round
359116,2050122004,2050_2050-year-round
359120,2050122008,2050_2050-year-round
359124,2050122012,2050_2050-year-round
359128,2050122016,2050_2050-year-round
359132,2050122020,2050_2050-year-round
359136,2050122100,2050_2050-year-round
359140,2050122104,2050_2050-year-round
359144,2050122108,2050_2050-year-round
359148,2050122112,2050_2050-year-round
359152,2050122116,2050_2050-year-round
359156,2050122120,2050_2050-year-round
359160,2050122200,2050_2050-year-round
359164,2050122204,2050_2050-year-round
359168,2050122208,2050_2050-year-round
359172,2050122212,2050_2050-year-round
359176,2050122216,2050_2050-year-round
359180,2050122220,2050_2050-year-round
359184,2050122300,2050_2050-year-round
359188,2050122304,2050_2050-year-round
359192,2050122308,2050_2050-year-round
359196,2050122312,2050_2050-year-round
359200,2050122316,2050_2050-year-round
359204,2050122320,2050_2050-year-round
359208,2050122400,2050_2050-year-round
359212,2050122404,2050_2050-year-round
359216,2050122408,2050_2050-year-round
359220,2050122412,2050_2050-year-round
359224,2050122416,2050_2050-year-round
359228,2050122420,2050_2050-year-round
359232,2050122500,2050_2050-year-round
359236,2050122504,2050_2050-year-round
359240,2050122508,2050_2050-year-round
359244,2050122512,2050_2050-year-round
359248,2050122516,2050_2050-year-round
359252,2050122520,2050_2050-year-round
359256,2050122600,2050_2050-year-round
359260,2050122604,2050_2050-year-round
359264,2050122608,2050_2050-year-round
359268,2050122612,2050_2050-year-round
359272,2050122616,2050_2050-year-round
359276,2050122620,2050_2050-year-round
359280,2050122700,2050_2050-year-round
359284,2050122704,2050_2050-year-round
359288,2050122708,2050_2050-year-round
359292,2050122712,2050_2050-year-round
359296,2050122716,2050_2050-year-round
359300,2050122720,2050_2050-year-round
359304,2050122800,2050_2050-year-round
359308,2050122804,2050_2050-year-round
359312,2050122808,2050_2050-year-round
359316,2050122812,2050_2050-year-round
359320,2050122816,2050_2050-year-round
359324,2050122820,2050_2050-year-round
359328,2050122900,2050_2050-year-round
359332,2050122904,2050_2050-year-round
359336,2050122908,2050_2050-year-round
359340,2050122912,2050_2050-year-round
359344,2050122916,2050_2050-year-round
359348,2050122920,2050_2050-year-round
359352,2050123000,2050_2050-year-round
359356,2050123004,2050_2050-year-round
359360,2050123008,2050_2050-year-round
359364,2050123012,2050_2050-year-round
359368,2050123016,2050_2050-year-round
359372,2050123020,2050_2050-year-round
359376,2050123100,2050_2050-year-round
359380,2050123104,2050_2050-year-round
359384,2050123108,2050_2050-year-round
359388,2050123112,2050_2050-year-round
359392,2050123116,2050_2050-year-round
359396,2050123120,2050_2050-year-round
