datetime,value
2050-01-02 00:00:00-08:00,13.194952727272726
2050-01-02 04:00:00-08:00,12.621259130434781
2050-01-02 08:00:00-08:00,12.095373333333333
2050-01-02 12:00:00-08:00,11.6115584
2050-01-02 16:00:00-08:00,11.164959999999999
2050-01-02 20:00:00-08:00,10.751442962962962
2050-01-03 00:00:00-08:00,10.367462857142856
2050-01-03 04:00:00-08:00,10.009964137931034
2050-01-03 08:00:00-08:00,9.676298666666666
2050-01-03 12:00:00-08:00,9.36416
2050-01-03 16:00:00-08:00,9.07153
2050-01-03 20:00:00-08:00,8.79663515151515
2050-01-04 00:00:00-08:00,8.537910588235293
2050-01-04 04:00:00-08:00,8.293970285714286
2050-01-04 08:00:00-08:00,8.063582222222221
2050-01-04 12:00:00-08:00,7.845647567567567
2050-01-04 16:00:00-08:00,7.6391831578947365
2050-01-04 20:00:00-08:00,7.443306666666666
2050-01-05 00:00:00-08:00,7.257223999999999
2050-01-05 04:00:00-08:00,7.080218536585365
2050-01-05 08:00:00-08:00,6.911641904761904
2050-01-05 12:00:00-08:00,6.13258
2050-01-05 16:00:00-08:00,5.357149047619048
2050-01-05 20:00:00-08:00,4.626598095238096
2050-01-06 00:00:00-08:00,3.97321
2050-01-06 04:00:00-08:00,3.319821904761905
2050-01-06 08:00:00-08:00,2.525814285714286
2050-01-06 12:00:00-08:00,1.731806666666667
2050-01-06 16:00:00-08:00,0.9377990476190476
2050-01-06 20:00:00-08:00,0.7076190476190476
2050-01-07 00:00:00-08:00,0.7076190476190476
2050-01-07 04:00:00-08:00,0.7076190476190476
2050-01-07 08:00:00-08:00,0.7076190476190476
2050-01-07 12:00:00-08:00,0.7076190476190476
2050-01-07 16:00:00-08:00,0.7076190476190476
2050-01-07 20:00:00-08:00,0.7076190476190476
2050-01-08 00:00:00-08:00,0.7076190476190476
2050-01-08 04:00:00-08:00,0.7076190476190476
2050-01-08 08:00:00-08:00,0.7076190476190476
2050-01-08 12:00:00-08:00,0.7076190476190476
2050-01-08 16:00:00-08:00,0.0
2050-01-08 20:00:00-08:00,0.0
2050-01-09 00:00:00-08:00,0.0
2050-01-09 04:00:00-08:00,0.0
2050-01-09 08:00:00-08:00,0.0
2050-01-09 12:00:00-08:00,0.0
2050-01-09 16:00:00-08:00,0.0
2050-01-09 20:00:00-08:00,0.0
2050-01-10 00:00:00-08:00,0.0
2050-01-10 04:00:00-08:00,0.0
2050-01-10 08:00:00-08:00,0.0
2050-01-10 12:00:00-08:00,0.0
2050-01-10 16:00:00-08:00,0.0
2050-01-10 20:00:00-08:00,0.0
2050-01-11 00:00:00-08:00,0.0
2050-01-11 04:00:00-08:00,0.0
2050-01-11 08:00:00-08:00,0.0
2050-01-11 12:00:00-08:00,0.0
2050-01-11 16:00:00-08:00,0.0
2050-01-11 20:00:00-08:00,0.0
2050-01-12 00:00:00-08:00,0.0
2050-01-12 04:00:00-08:00,0.0
2050-01-12 08:00:00-08:00,0.0
2050-01-12 12:00:00-08:00,0.0
2050-01-12 16:00:00-08:00,0.0
2050-01-12 20:00:00-08:00,0.0
2050-01-13 00:00:00-08:00,0.0
2050-01-13 04:00:00-08:00,0.0
2050-01-13 08:00:00-08:00,0.0
2050-01-13 12:00:00-08:00,0.0
2050-01-13 16:00:00-08:00,0.0
2050-01-13 20:00:00-08:00,0.0
2050-01-14 00:00:00-08:00,0.0
2050-01-14 04:00:00-08:00,0.0
2050-01-14 08:00:00-08:00,0.0
2050-01-14 12:00:00-08:00,0.0
2050-01-14 16:00:00-08:00,0.0
2050-01-14 20:00:00-08:00,0.0
2050-01-15 00:00:00-08:00,0.0
2050-01-15 04:00:00-08:00,0.0
2050-01-15 08:00:00-08:00,0.0
2050-01-15 12:00:00-08:00,0.0
2050-01-15 16:00:00-08:00,0.0
2050-01-15 20:00:00-08:00,0.0
2050-01-16 00:00:00-08:00,0.0
2050-01-16 04:00:00-08:00,0.0
2050-01-16 08:00:00-08:00,0.0
2050-01-16 12:00:00-08:00,0.0
2050-01-16 16:00:00-08:00,0.0
2050-01-16 20:00:00-08:00,0.0
2050-01-17 00:00:00-08:00,0.0
2050-01-17 04:00:00-08:00,0.0
2050-01-17 08:00:00-08:00,0.0
2050-01-17 12:00:00-08:00,0.0
2050-01-17 16:00:00-08:00,0.0
2050-01-17 20:00:00-08:00,0.0
2050-01-18 00:00:00-08:00,0.0
2050-01-18 04:00:00-08:00,0.0
2050-01-18 08:00:00-08:00,0.0
2050-01-18 12:00:00-08:00,0.0
2050-01-18 16:00:00-08:00,0.0
2050-01-18 20:00:00-08:00,0.0
2050-01-19 00:00:00-08:00,0.0
2050-01-19 04:00:00-08:00,0.0
2050-01-19 08:00:00-08:00,0.0
2050-01-19 12:00:00-08:00,0.0
2050-01-19 16:00:00-08:00,0.0
2050-01-19 20:00:00-08:00,0.0
2050-01-20 00:00:00-08:00,0.0
2050-01-20 04:00:00-08:00,0.0
2050-01-20 08:00:00-08:00,0.0
2050-01-20 12:00:00-08:00,0.0
2050-01-20 16:00:00-08:00,0.0
2050-01-20 20:00:00-08:00,0.0
2050-01-21 00:00:00-08:00,0.0
2050-01-21 04:00:00-08:00,0.0
2050-01-21 08:00:00-08:00,0.0
2050-01-21 12:00:00-08:00,0.0
2050-01-21 16:00:00-08:00,0.0
2050-01-21 20:00:00-08:00,0.0
2050-01-22 00:00:00-08:00,0.0
2050-01-22 04:00:00-08:00,0.0
2050-01-22 08:00:00-08:00,0.0
2050-01-22 12:00:00-08:00,0.0
2050-01-22 16:00:00-08:00,0.0
2050-01-22 20:00:00-08:00,0.0
2050-01-23 00:00:00-08:00,0.0
2050-01-23 04:00:00-08:00,0.0
2050-01-23 08:00:00-08:00,0.0
2050-01-23 12:00:00-08:00,0.0
2050-01-23 16:00:00-08:00,0.0
2050-01-23 20:00:00-08:00,0.0
2050-01-24 00:00:00-08:00,0.0
2050-01-24 04:00:00-08:00,0.0
2050-01-24 08:00:00-08:00,0.0
2050-01-24 12:00:00-08:00,0.0
2050-01-24 16:00:00-08:00,0.0
2050-01-24 20:00:00-08:00,0.0
2050-01-25 00:00:00-08:00,0.0
2050-01-25 04:00:00-08:00,0.0
2050-01-25 08:00:00-08:00,0.0
2050-01-25 12:00:00-08:00,0.0
2050-01-25 16:00:00-08:00,0.0
2050-01-25 20:00:00-08:00,0.0
2050-01-26 00:00:00-08:00,0.0
2050-01-26 04:00:00-08:00,0.0
2050-01-26 08:00:00-08:00,0.0
2050-01-26 12:00:00-08:00,0.0
2050-01-26 16:00:00-08:00,0.0
2050-01-26 20:00:00-08:00,0.0
2050-01-27 00:00:00-08:00,0.0
2050-01-27 04:00:00-08:00,0.0
2050-01-27 08:00:00-08:00,0.0
2050-01-27 12:00:00-08:00,0.0
2050-01-27 16:00:00-08:00,0.0
2050-01-27 20:00:00-08:00,0.0
2050-01-28 00:00:00-08:00,0.0
2050-01-28 04:00:00-08:00,0.0
2050-01-28 08:00:00-08:00,0.0
2050-01-28 12:00:00-08:00,0.0
2050-01-28 16:00:00-08:00,0.0
2050-01-28 20:00:00-08:00,0.0
2050-01-29 00:00:00-08:00,0.0
2050-01-29 04:00:00-08:00,0.0
2050-01-29 08:00:00-08:00,0.0
2050-01-29 12:00:00-08:00,0.0
2050-01-29 16:00:00-08:00,0.0
2050-01-29 20:00:00-08:00,0.0
2050-01-30 00:00:00-08:00,0.0
2050-01-30 04:00:00-08:00,0.0
2050-01-30 08:00:00-08:00,0.0
2050-01-30 12:00:00-08:00,0.0
2050-01-30 16:00:00-08:00,0.0
2050-01-30 20:00:00-08:00,0.0
2050-01-31 00:00:00-08:00,0.0
2050-01-31 04:00:00-08:00,0.0
2050-01-31 08:00:00-08:00,0.0
2050-01-31 12:00:00-08:00,0.0
2050-01-31 16:00:00-08:00,0.0
2050-01-31 20:00:00-08:00,0.0
2050-02-01 00:00:00-08:00,0.0
2050-02-01 04:00:00-08:00,0.0
2050-02-01 08:00:00-08:00,0.0
2050-02-01 12:00:00-08:00,0.0
2050-02-01 16:00:00-08:00,0.0
2050-02-01 20:00:00-08:00,0.0
2050-02-02 00:00:00-08:00,0.0
2050-02-02 04:00:00-08:00,0.0
2050-02-02 08:00:00-08:00,0.0
2050-02-02 12:00:00-08:00,0.0
2050-02-02 16:00:00-08:00,0.0
2050-02-02 20:00:00-08:00,0.0
2050-02-03 00:00:00-08:00,0.0
2050-02-03 04:00:00-08:00,0.0
2050-02-03 08:00:00-08:00,0.0
2050-02-03 12:00:00-08:00,0.0
2050-02-03 16:00:00-08:00,0.0
2050-02-03 20:00:00-08:00,0.0
2050-02-04 00:00:00-08:00,0.0
2050-02-04 04:00:00-08:00,0.0
2050-02-04 08:00:00-08:00,0.0
2050-02-04 12:00:00-08:00,0.0
2050-02-04 16:00:00-08:00,0.0
2050-02-04 20:00:00-08:00,0.0
2050-02-05 00:00:00-08:00,0.0
2050-02-05 04:00:00-08:00,0.0
2050-02-05 08:00:00-08:00,0.0
2050-02-05 12:00:00-08:00,0.0
2050-02-05 16:00:00-08:00,0.0
2050-02-05 20:00:00-08:00,0.0
2050-02-06 00:00:00-08:00,0.0
2050-02-06 04:00:00-08:00,0.0
2050-02-06 08:00:00-08:00,0.0
2050-02-06 12:00:00-08:00,0.0
2050-02-06 16:00:00-08:00,0.0
2050-02-06 20:00:00-08:00,0.0
2050-02-07 00:00:00-08:00,0.0
2050-02-07 04:00:00-08:00,0.0
2050-02-07 08:00:00-08:00,0.0
2050-02-07 12:00:00-08:00,0.0
2050-02-07 16:00:00-08:00,0.0
2050-02-07 20:00:00-08:00,0.0
2050-02-08 00:00:00-08:00,0.0
2050-02-08 04:00:00-08:00,0.0
2050-02-08 08:00:00-08:00,0.0
2050-02-08 12:00:00-08:00,0.0
2050-02-08 16:00:00-08:00,0.0
2050-02-08 20:00:00-08:00,0.0
2050-02-09 00:00:00-08:00,0.0
2050-02-09 04:00:00-08:00,0.0
2050-02-09 08:00:00-08:00,0.0
2050-02-09 12:00:00-08:00,0.0
2050-02-09 16:00:00-08:00,0.0
2050-02-09 20:00:00-08:00,0.0
2050-02-10 00:00:00-08:00,0.0
2050-02-10 04:00:00-08:00,0.0
2050-02-10 08:00:00-08:00,0.0
2050-02-10 12:00:00-08:00,0.0
2050-02-10 16:00:00-08:00,0.0
2050-02-10 20:00:00-08:00,0.0
2050-02-11 00:00:00-08:00,0.0
2050-02-11 04:00:00-08:00,0.0
2050-02-11 08:00:00-08:00,0.0
2050-02-11 12:00:00-08:00,0.0
2050-02-11 16:00:00-08:00,0.0
2050-02-11 20:00:00-08:00,0.0
2050-02-12 00:00:00-08:00,0.0
2050-02-12 04:00:00-08:00,0.0
2050-02-12 08:00:00-08:00,0.0
2050-02-12 12:00:00-08:00,0.0
2050-02-12 16:00:00-08:00,0.0
2050-02-12 20:00:00-08:00,0.0
2050-02-13 00:00:00-08:00,0.0
2050-02-13 04:00:00-08:00,0.0
2050-02-13 08:00:00-08:00,0.0
2050-02-13 12:00:00-08:00,0.0
2050-02-13 16:00:00-08:00,0.0
2050-02-13 20:00:00-08:00,0.0
2050-02-14 00:00:00-08:00,0.0
2050-02-14 04:00:00-08:00,0.0
2050-02-14 08:00:00-08:00,0.0
2050-02-14 12:00:00-08:00,0.0
2050-02-14 16:00:00-08:00,0.0
2050-02-14 20:00:00-08:00,0.0
2050-02-15 00:00:00-08:00,0.0
2050-02-15 04:00:00-08:00,0.0
2050-02-15 08:00:00-08:00,0.0
2050-02-15 12:00:00-08:00,0.0
2050-02-15 16:00:00-08:00,0.0
2050-02-15 20:00:00-08:00,0.0
2050-02-16 00:00:00-08:00,0.0
2050-02-16 04:00:00-08:00,0.0
2050-02-16 08:00:00-08:00,0.0
2050-02-16 12:00:00-08:00,0.0
2050-02-16 16:00:00-08:00,0.0
2050-02-16 20:00:00-08:00,0.0
2050-02-17 00:00:00-08:00,0.0
2050-02-17 04:00:00-08:00,0.0
2050-02-17 08:00:00-08:00,0.0
2050-02-17 12:00:00-08:00,0.0
2050-02-17 16:00:00-08:00,0.0
2050-02-17 20:00:00-08:00,0.0
2050-02-18 00:00:00-08:00,0.0
2050-02-18 04:00:00-08:00,0.0
2050-02-18 08:00:00-08:00,0.0
2050-02-18 12:00:00-08:00,0.0
2050-02-18 16:00:00-08:00,0.0
2050-02-18 20:00:00-08:00,0.0
2050-02-19 00:00:00-08:00,0.0
2050-02-19 04:00:00-08:00,0.0
2050-02-19 08:00:00-08:00,0.440438106635238
2050-02-19 12:00:00-08:00,0.8808762132547618
2050-02-19 16:00:00-08:00,1.3213143181338094
2050-02-19 20:00:00-08:00,1.842576222895714
2050-02-20 00:00:00-08:00,2.363838127657619
2050-02-20 04:00:00-08:00,2.8042762302166664
2050-02-20 08:00:00-08:00,3.6571286111690475
2050-02-20 12:00:00-08:00,4.509980992121429
2050-02-20 16:00:00-08:00,5.1782190873595235
2050-02-20 20:00:00-08:00,5.900071468311904
2050-02-21 00:00:00-08:00,6.635961944502381
2050-02-21 04:00:00-08:00,7.008747658788095
2050-02-21 08:00:00-08:00,8.008685754026189
2050-02-21 12:00:00-08:00,9.058871468311903
2050-02-21 16:00:00-08:00,9.58013337307381
2050-02-21 20:00:00-08:00,10.02057149799857
2050-02-22 00:00:00-08:00,10.512223878950952
2050-02-22 04:00:00-08:00,10.928355783712856
2050-02-22 08:00:00-08:00,11.507127212284285
2050-02-22 12:00:00-08:00,12.139065307522381
2050-02-22 16:00:00-08:00,12.139065307522381
2050-02-22 20:00:00-08:00,12.139065307522381
2050-02-23 00:00:00-08:00,12.139065307522381
2050-02-23 04:00:00-08:00,12.139065307522381
2050-02-23 08:00:00-08:00,12.139065307522381
2050-02-23 12:00:00-08:00,12.139065307522381
2050-02-23 16:00:00-08:00,12.139065307522381
2050-02-23 20:00:00-08:00,12.139065307522381
2050-02-24 00:00:00-08:00,12.139065307522381
2050-02-24 04:00:00-08:00,12.139065307522381
2050-02-24 08:00:00-08:00,12.139065307522381
2050-02-24 12:00:00-08:00,12.139065307522381
2050-02-24 16:00:00-08:00,12.139065307522381
2050-02-24 20:00:00-08:00,12.139065307522381
2050-02-25 00:00:00-08:00,12.139065307522381
2050-02-25 04:00:00-08:00,12.139339297998571
2050-02-25 08:00:00-08:00,12.139613288474763
2050-02-25 12:00:00-08:00,12.139887278950951
2050-02-25 16:00:00-08:00,12.140161269427143
2050-02-25 20:00:00-08:00,12.140435259903333
2050-02-26 00:00:00-08:00,12.140709250379523
2050-02-26 04:00:00-08:00,12.140941155141428
2050-02-26 08:00:00-08:00,11.701080158425714
2050-02-26 12:00:00-08:00,11.262063508949048
2050-02-26 16:00:00-08:00,10.8222025137
2050-02-26 20:00:00-08:00,10.301517718783808
2050-02-27 00:00:00-08:00,9.78083291878381
2050-02-27 04:00:00-08:00,9.340971920986666
2050-02-27 08:00:00-08:00,8.488696649708094
2050-02-27 12:00:00-08:00,7.63642138878
2050-02-27 16:00:00-08:00,6.96876039830381
2050-02-27 20:00:00-08:00,6.247485122113333
2050-02-28 00:00:00-08:00,5.512171750684762
2050-02-28 04:00:00-08:00,5.139916584018095
2050-02-28 08:00:00-08:00,4.14050907063381
2050-02-28 12:00:00-08:00,3.0909004726123808
2050-02-28 16:00:00-08:00,2.5702156823138096
2050-02-28 20:00:00-08:00,2.1303081160261903
2050-03-01 00:00:00-08:00,1.6392328398357143
2050-03-01 04:00:00-08:00,1.2236314826928574
2050-03-01 08:00:00-08:00,0.6454371588833333
2050-03-01 12:00:00-08:00,0.014076168407142856
2050-03-01 16:00:00-08:00,0.014653273169047621
2050-03-01 20:00:00-08:00,0.015219868407142859
2050-03-02 00:00:00-08:00,0.015750416026190477
2050-03-02 04:00:00-08:00,0.016280963645238095
2050-03-02 08:00:00-08:00,0.016554954121428572
2050-03-02 12:00:00-08:00,0.01682894459761905
2050-03-02 16:00:00-08:00,0.017102935073809524
2050-03-02 20:00:00-08:00,0.017376925550000002
2050-03-03 00:00:00-08:00,0.017650916026190476
2050-03-03 04:00:00-08:00,0.017924906502380954
2050-03-03 08:00:00-08:00,0.018198896978571428
2050-03-03 12:00:00-08:00,0.018472887454761906
2050-03-03 16:00:00-08:00,0.018746877930952383
2050-03-03 20:00:00-08:00,0.019020868407142857
2050-03-04 00:00:00-08:00,0.019294858883333335
2050-03-04 04:00:00-08:00,0.019294858883333335
2050-03-04 08:00:00-08:00,0.019294858883333335
2050-03-04 12:00:00-08:00,0.019294858883333335
2050-03-04 16:00:00-08:00,0.019252773169047617
2050-03-04 20:00:00-08:00,0.01925277316904762
2050-03-05 00:00:00-08:00,0.019252773169047617
2050-03-05 04:00:00-08:00,0.019294858883333335
2050-03-05 08:00:00-08:00,0.018991739440000002
2050-03-05 12:00:00-08:00,0.017844272773333336
2050-03-05 16:00:00-08:00,0.01754115361952381
2050-03-05 20:00:00-08:00,0.01723803425
2050-03-06 00:00:00-08:00,0.016934919964285717
2050-03-06 04:00:00-08:00,0.016631805678571428
2050-03-06 08:00:00-08:00,0.01633920895714286
2050-03-06 12:00:00-08:00,0.016046601932857143
2050-03-06 16:00:00-08:00,0.015743487647142857
2050-03-06 20:00:00-08:00,0.015440373361428571
2050-03-07 00:00:00-08:00,0.015137259075714287
2050-03-07 04:00:00-08:00,0.014880701932857142
2050-03-07 08:00:00-08:00,0.01638642960285714
2050-03-07 12:00:00-08:00,0.017845622862380953
2050-03-07 16:00:00-08:00,0.017799062217142857
2050-03-07 20:00:00-08:00,0.017799057215714283
2050-03-08 00:00:00-08:00,0.017752506609523808
2050-03-08 04:00:00-08:00,0.017752512896666666
2050-03-08 08:00:00-08:00,0.017705961854285718
2050-03-08 12:00:00-08:00,0.017659427766666666
2050-03-08 16:00:00-08:00,0.01761287560333333
2050-03-08 20:00:00-08:00,0.017537424710952383
2050-03-09 00:00:00-08:00,0.017537431561428573
2050-03-09 04:00:00-08:00,0.017498028416190477
2050-03-09 08:00:00-08:00,0.017997199844761908
2050-03-09 12:00:00-08:00,0.018496380816666665
2050-03-09 16:00:00-08:00,0.018752952740000002
2050-03-09 20:00:00-08:00,0.018752962353809525
2050-03-10 00:00:00-08:00,0.018752962353809525
2050-03-10 04:00:00-08:00,0.01875296235380952
2050-03-10 08:00:00-08:00,0.018752962353809525
2050-03-10 12:00:00-08:00,0.018752962353809525
2050-03-10 16:00:00-08:00,0.018752962353809525
2050-03-10 20:00:00-08:00,0.018752962353809525
2050-03-11 00:00:00-08:00,0.018752962353809525
2050-03-11 04:00:00-08:00,0.018752957591904762
2050-03-11 08:00:00-08:00,0.018752957591904762
2050-03-11 12:00:00-08:00,0.018752957591904762
2050-03-11 16:00:00-08:00,0.018795043306190477
2050-03-11 20:00:00-08:00,0.018795043306190477
2050-03-12 00:00:00-08:00,0.018795043306190477
2050-03-12 04:00:00-08:00,0.018795043306190477
2050-03-12 08:00:00-08:00,0.018795043306190477
2050-03-12 12:00:00-08:00,0.018795043306190477
2050-03-12 16:00:00-08:00,0.018795043306190477
2050-03-12 20:00:00-08:00,0.01879504330619048
2050-03-13 00:00:00-08:00,0.018795043306190477
2050-03-13 04:00:00-08:00,0.018795043306190477
2050-03-13 08:00:00-08:00,0.018784520830000002
2050-03-13 12:00:00-08:00,0.018773998306190476
2050-03-13 16:00:00-08:00,0.018773998306190476
2050-03-13 20:00:00-08:00,0.018773998306190476
2050-03-14 00:00:00-08:00,0.018773998306190476
2050-03-14 04:00:00-08:00,0.018773998306190476
2050-03-14 08:00:00-08:00,0.017011679258571426
2050-03-14 12:00:00-08:00,0.01524936021095238
2050-03-14 16:00:00-08:00,0.014992796869047618
2050-03-14 20:00:00-08:00,0.01473623370952381
2050-03-15 00:00:00-08:00,0.014479670029999999
2050-03-15 04:00:00-08:00,0.0142231066
2050-03-15 08:00:00-08:00,0.013966543356666665
2050-03-15 12:00:00-08:00,0.01370996315857143
2050-03-15 16:00:00-08:00,0.013453401036190476
2050-03-15 20:00:00-08:00,0.013194161452380952
2050-03-16 00:00:00-08:00,0.012895511744761903
2050-03-16 04:00:00-08:00,0.012404372244761906
2050-03-16 08:00:00-08:00,0.011905200816190478
2050-03-16 12:00:00-08:00,0.011406019844285714
2050-03-16 16:00:00-08:00,0.01114944792095238
2050-03-16 20:00:00-08:00,0.011149438307142857
2050-03-17 00:00:00-08:00,0.011149438307142857
2050-03-17 04:00:00-08:00,0.011149438307142857
2050-03-17 08:00:00-08:00,0.011149438307142857
2050-03-17 12:00:00-08:00,0.011149438307142857
2050-03-17 16:00:00-08:00,0.011149438307142856
2050-03-17 20:00:00-08:00,0.011149438307142857
2050-03-18 00:00:00-08:00,0.011149438307142857
2050-03-18 04:00:00-08:00,0.011149443069047619
2050-03-18 08:00:00-08:00,0.011149443069047619
2050-03-18 12:00:00-08:00,0.011149443069047619
2050-03-18 16:00:00-08:00,0.011107357354761904
2050-03-18 20:00:00-08:00,0.011107357354761904
2050-03-19 00:00:00-08:00,0.011107357354761904
2050-03-19 04:00:00-08:00,0.011107357354761904
2050-03-19 08:00:00-08:00,0.011107357354761906
2050-03-19 12:00:00-08:00,0.011107357354761906
2050-03-19 16:00:00-08:00,0.011065271640476191
2050-03-19 20:00:00-08:00,0.011023185926190476
2050-03-20 00:00:00-08:00,0.011023185926190476
2050-03-20 04:00:00-08:00,0.010981081164285714
2050-03-20 08:00:00-08:00,0.010938976402380953
2050-03-20 12:00:00-08:00,0.010938952592857142
2050-03-20 16:00:00-08:00,0.010664962116666668
2050-03-20 20:00:00-08:00,0.010622857354761905
2050-03-21 00:00:00-08:00,0.010622857354761905
2050-03-21 04:00:00-08:00,0.01058077164047619
2050-03-21 08:00:00-08:00,0.01058077164047619
2050-03-21 12:00:00-08:00,0.01058077164047619
2050-03-21 16:00:00-08:00,0.01058077164047619
2050-03-21 20:00:00-08:00,0.01058077164047619
2050-03-22 00:00:00-08:00,0.010580771640476192
2050-03-22 04:00:00-08:00,0.010580771640476192
2050-03-22 08:00:00-08:00,0.01058077164047619
2050-03-22 12:00:00-08:00,0.01058077164047619
2050-03-22 16:00:00-08:00,0.01058077164047619
2050-03-22 20:00:00-08:00,0.010622857354761905
2050-03-23 00:00:00-08:00,0.01066494306904762
2050-03-23 04:00:00-08:00,0.010938928571428572
2050-03-23 08:00:00-08:00,0.010938928571428572
2050-03-23 12:00:00-08:00,0.010938928571428572
2050-03-23 16:00:00-08:00,0.010938928571428572
2050-03-23 20:00:00-08:00,0.010938928571428572
2050-03-24 00:00:00-08:00,0.010938928571428572
2050-03-24 04:00:00-08:00,0.010938928571428572
2050-03-24 08:00:00-08:00,0.011195485714285714
2050-03-24 12:00:00-08:00,0.011452047623809523
2050-03-24 16:00:00-08:00,0.011708610021904762
2050-03-24 20:00:00-08:00,0.011925764517142858
2050-03-25 00:00:00-08:00,0.012182328904285713
2050-03-25 04:00:00-08:00,0.012438892380476189
2050-03-25 08:00:00-08:00,0.012695460266666667
2050-03-25 12:00:00-08:00,0.01295202675857143
2050-03-25 16:00:00-08:00,0.013250675148571428
2050-03-25 20:00:00-08:00,0.013507238138095238
2050-03-26 00:00:00-08:00,0.013763801279523808
2050-03-26 04:00:00-08:00,0.014020364606666665
2050-03-26 08:00:00-08:00,0.014991583654285715
2050-03-26 12:00:00-08:00,0.01596280270190476
2050-03-26 16:00:00-08:00,0.016261454875238095
2050-03-26 20:00:00-08:00,0.01652068820857143
2050-03-27 00:00:00-08:00,0.016737835827619046
2050-03-27 04:00:00-08:00,0.016997088208571428
2050-03-27 08:00:00-08:00,0.017295750113333334
2050-03-27 12:00:00-08:00,0.017552331065714286
2050-03-27 16:00:00-08:00,0.018082878684761907
2050-03-27 20:00:00-08:00,0.01838154058952381
2050-03-28 00:00:00-08:00,0.01859868820857143
2050-03-28 04:00:00-08:00,0.018583931065714283
2050-03-28 08:00:00-08:00,0.018566497732380952
2050-03-28 12:00:00-08:00,0.018549064399047615
2050-03-28 16:00:00-08:00,0.018531631065714288
2050-03-28 20:00:00-08:00,0.01825765661952381
2050-03-29 00:00:00-08:00,0.01798368217333333
2050-03-29 04:00:00-08:00,0.017709707726190477
2050-03-29 08:00:00-08:00,0.01743573605238095
2050-03-29 12:00:00-08:00,0.017161764316666668
2050-03-29 16:00:00-08:00,0.016887792571904762
2050-03-29 20:00:00-08:00,0.01661381812190476
2050-03-30 00:00:00-08:00,0.016339843678571428
2050-03-30 04:00:00-08:00,0.016065869225238096
2050-03-30 08:00:00-08:00,0.01579189976142857
2050-03-30 12:00:00-08:00,0.015517930763333333
2050-03-30 16:00:00-08:00,0.015243956305714287
2050-03-30 20:00:00-08:00,0.014969981847619046
2050-03-31 00:00:00-08:00,0.01469600738952381
2050-03-31 04:00:00-08:00,0.014422035728095237
2050-03-31 08:00:00-08:00,0.013891507142380952
2050-03-31 12:00:00-08:00,0.013360973626190476
2050-03-31 16:00:00-08:00,0.012830439591904764
2050-03-31 20:00:00-08:00,0.012339313575714286
2050-04-01 00:00:00-08:00,0.011808777652380953
2050-04-01 04:00:00-08:00,0.011278242573333333
2050-04-01 08:00:00-08:00,0.010747754835238096
2050-04-01 12:00:00-08:00,0.010217267724761905
2050-04-01 16:00:00-08:00,0.009686714572857143
2050-04-01 20:00:00-08:00,0.009156161107142857
2050-04-02 00:00:00-08:00,0.008625607489523809
2050-04-02 04:00:00-08:00,0.008095053686190476
2050-04-02 08:00:00-08:00,0.0068498441623809515
2050-04-02 12:00:00-08:00,0.005604634638571428
2050-04-02 16:00:00-08:00,0.005074077703333333
2050-04-02 20:00:00-08:00,0.004582939608095238
2050-04-03 00:00:00-08:00,0.004091801512857142
2050-04-03 04:00:00-08:00,0.003600663417619047
2050-04-03 08:00:00-08:00,0.003070115798571428
2050-04-03 12:00:00-08:00,0.0025395681795238093
2050-04-03 16:00:00-08:00,0.0020090205604761904
2050-04-03 20:00:00-08:00,0.0014784729414285716
2050-04-04 00:00:00-08:00,0.0009873348461904763
2050-04-04 04:00:00-08:00,0.0007701872271428571
2050-04-04 08:00:00-08:00,0.0005136300842857143
2050-04-04 12:00:00-08:00,0.0002570729414285714
2050-04-04 16:00:00-08:00,5.157985714285715e-07
2050-04-04 20:00:00-08:00,4.997685714285714e-07
2050-04-05 00:00:00-08:00,4.837385714285714e-07
2050-04-05 04:00:00-08:00,4.677095238095238e-07
2050-04-05 08:00:00-08:00,4.4890714285714284e-07
2050-04-05 12:00:00-08:00,4.301666666666666e-07
2050-04-05 16:00:00-08:00,4.114352380952381e-07
2050-04-05 20:00:00-08:00,3.954090476190476e-07
2050-04-06 00:00:00-08:00,3.793761904761905e-07
2050-04-06 04:00:00-08:00,3.6335333333333335e-07
2050-04-06 08:00:00-08:00,3.4234095238095237e-07
2050-04-06 12:00:00-08:00,3.208628571428571e-07
2050-04-06 16:00:00-08:00,3.048442857142857e-07
2050-04-06 20:00:00-08:00,2.8882619047619046e-07
2050-04-07 00:00:00-08:00,2.7280809523809523e-07
2050-04-07 04:00:00-08:00,2.5399333333333333e-07
2050-04-07 08:00:00-08:00,2.3495999999999998e-07
2050-04-07 12:00:00-08:00,2.160904761904762e-07
2050-04-07 16:00:00-08:00,1.972504761904762e-07
2050-04-07 20:00:00-08:00,1.7829523809523807e-07
2050-04-08 00:00:00-08:00,1.5935523809523808e-07
2050-04-08 04:00:00-08:00,1.4048190476190476e-07
2050-04-08 08:00:00-08:00,6.985761904761905e-08
2050-04-08 12:00:00-08:00,0.0
2050-04-08 16:00:00-08:00,0.0
2050-04-08 20:00:00-08:00,0.0
2050-04-09 00:00:00-08:00,0.0
2050-04-09 04:00:00-08:00,0.0
2050-04-09 08:00:00-08:00,0.0
2050-04-09 12:00:00-08:00,0.0
2050-04-09 16:00:00-08:00,0.0
2050-04-09 20:00:00-08:00,0.0
2050-04-10 00:00:00-08:00,0.0
2050-04-10 04:00:00-08:00,0.0
2050-04-10 08:00:00-08:00,0.0
2050-04-10 12:00:00-08:00,0.0
2050-04-10 16:00:00-08:00,0.0
2050-04-10 20:00:00-08:00,0.0
2050-04-11 00:00:00-08:00,0.0
2050-04-11 04:00:00-08:00,0.0
2050-04-11 08:00:00-08:00,0.0
2050-04-11 12:00:00-08:00,0.0
2050-04-11 16:00:00-08:00,0.0
2050-04-11 20:00:00-08:00,0.0
2050-04-12 00:00:00-08:00,0.0
2050-04-12 04:00:00-08:00,0.0
2050-04-12 08:00:00-08:00,0.0
2050-04-12 12:00:00-08:00,0.0
2050-04-12 16:00:00-08:00,0.0
2050-04-12 20:00:00-08:00,0.0
2050-04-13 00:00:00-08:00,0.0
2050-04-13 04:00:00-08:00,0.0
2050-04-13 08:00:00-08:00,0.0
2050-04-13 12:00:00-08:00,0.0
2050-04-13 16:00:00-08:00,0.0
2050-04-13 20:00:00-08:00,0.0
2050-04-14 00:00:00-08:00,0.0
2050-04-14 04:00:00-08:00,0.0
2050-04-14 08:00:00-08:00,0.0
2050-04-14 12:00:00-08:00,0.0
2050-04-14 16:00:00-08:00,0.0
2050-04-14 20:00:00-08:00,0.0
2050-04-15 00:00:00-08:00,0.0
2050-04-15 04:00:00-08:00,0.0
2050-04-15 08:00:00-08:00,0.0
2050-04-15 12:00:00-08:00,0.0
2050-04-15 16:00:00-08:00,0.0
2050-04-15 20:00:00-08:00,0.0
2050-04-16 00:00:00-08:00,0.0
2050-04-16 04:00:00-08:00,0.0
2050-04-16 08:00:00-08:00,0.0
2050-04-16 12:00:00-08:00,0.0
2050-04-16 16:00:00-08:00,0.0
2050-04-16 20:00:00-08:00,0.0
2050-04-17 00:00:00-08:00,0.0
2050-04-17 04:00:00-08:00,0.0
2050-04-17 08:00:00-08:00,0.0
2050-04-17 12:00:00-08:00,0.0
2050-04-17 16:00:00-08:00,0.0
2050-04-17 20:00:00-08:00,0.0
2050-04-18 00:00:00-08:00,0.0
2050-04-18 04:00:00-08:00,0.0
2050-04-18 08:00:00-08:00,0.0
2050-04-18 12:00:00-08:00,0.0
2050-04-18 16:00:00-08:00,0.0
2050-04-18 20:00:00-08:00,0.0
2050-04-19 00:00:00-08:00,0.0
2050-04-19 04:00:00-08:00,0.0
2050-04-19 08:00:00-08:00,0.0
2050-04-19 12:00:00-08:00,0.0
2050-04-19 16:00:00-08:00,0.0
2050-04-19 20:00:00-08:00,0.0
2050-04-20 00:00:00-08:00,0.0
2050-04-20 04:00:00-08:00,0.0
2050-04-20 08:00:00-08:00,0.0
2050-04-20 12:00:00-08:00,0.0
2050-04-20 16:00:00-08:00,0.0
2050-04-20 20:00:00-08:00,0.0
2050-04-21 00:00:00-08:00,0.0
2050-04-21 04:00:00-08:00,0.0
2050-04-21 08:00:00-08:00,0.0
2050-04-21 12:00:00-08:00,0.0
2050-04-21 16:00:00-08:00,0.0
2050-04-21 20:00:00-08:00,0.0
2050-04-22 00:00:00-08:00,0.0
2050-04-22 04:00:00-08:00,0.0
2050-04-22 08:00:00-08:00,0.0
2050-04-22 12:00:00-08:00,0.0
2050-04-22 16:00:00-08:00,0.0
2050-04-22 20:00:00-08:00,0.0
2050-04-23 00:00:00-08:00,0.0
2050-04-23 04:00:00-08:00,0.0
2050-04-23 08:00:00-08:00,0.0
2050-04-23 12:00:00-08:00,0.0
2050-04-23 16:00:00-08:00,0.0
2050-04-23 20:00:00-08:00,0.0
2050-04-24 00:00:00-08:00,0.0
2050-04-24 04:00:00-08:00,0.0
2050-04-24 08:00:00-08:00,0.0
2050-04-24 12:00:00-08:00,0.0
2050-04-24 16:00:00-08:00,0.0
2050-04-24 20:00:00-08:00,0.0
2050-04-25 00:00:00-08:00,0.0
2050-04-25 04:00:00-08:00,0.0
2050-04-25 08:00:00-08:00,0.0
2050-04-25 12:00:00-08:00,0.0
2050-04-25 16:00:00-08:00,0.0
2050-04-25 20:00:00-08:00,0.0
2050-04-26 00:00:00-08:00,0.0
2050-04-26 04:00:00-08:00,0.0
2050-04-26 08:00:00-08:00,0.0
2050-04-26 12:00:00-08:00,0.0
2050-04-26 16:00:00-08:00,0.0
2050-04-26 20:00:00-08:00,0.0
2050-04-27 00:00:00-08:00,0.0
2050-04-27 04:00:00-08:00,0.0
2050-04-27 08:00:00-08:00,0.0
2050-04-27 12:00:00-08:00,0.0
2050-04-27 16:00:00-08:00,0.0
2050-04-27 20:00:00-08:00,0.0
2050-04-28 00:00:00-08:00,0.0
2050-04-28 04:00:00-08:00,0.0
2050-04-28 08:00:00-08:00,0.0
2050-04-28 12:00:00-08:00,0.0
2050-04-28 16:00:00-08:00,0.0
2050-04-28 20:00:00-08:00,0.0
2050-04-29 00:00:00-08:00,0.0
2050-04-29 04:00:00-08:00,0.0
2050-04-29 08:00:00-08:00,0.0
2050-04-29 12:00:00-08:00,0.0
2050-04-29 16:00:00-08:00,0.0
2050-04-29 20:00:00-08:00,0.0
2050-04-30 00:00:00-08:00,0.0
2050-04-30 04:00:00-08:00,0.0
2050-04-30 08:00:00-08:00,0.0
2050-04-30 12:00:00-08:00,0.0
2050-04-30 16:00:00-08:00,0.0
2050-04-30 20:00:00-08:00,0.0
2050-05-01 00:00:00-08:00,0.0
2050-05-01 04:00:00-08:00,0.0
2050-05-01 08:00:00-08:00,0.0
2050-05-01 12:00:00-08:00,0.0
2050-05-01 16:00:00-08:00,0.0
2050-05-01 20:00:00-08:00,0.0
2050-05-02 00:00:00-08:00,0.0
2050-05-02 04:00:00-08:00,0.0
2050-05-02 08:00:00-08:00,0.0
2050-05-02 12:00:00-08:00,0.0
2050-05-02 16:00:00-08:00,0.0
2050-05-02 20:00:00-08:00,0.0
2050-05-03 00:00:00-08:00,0.0
2050-05-03 04:00:00-08:00,0.0
2050-05-03 08:00:00-08:00,0.0
2050-05-03 12:00:00-08:00,0.0
2050-05-03 16:00:00-08:00,0.0
2050-05-03 20:00:00-08:00,0.0
2050-05-04 00:00:00-08:00,0.0
2050-05-04 04:00:00-08:00,0.0
2050-05-04 08:00:00-08:00,0.0
2050-05-04 12:00:00-08:00,0.0
2050-05-04 16:00:00-08:00,0.0
2050-05-04 20:00:00-08:00,0.0
2050-05-05 00:00:00-08:00,0.0
2050-05-05 04:00:00-08:00,0.0
2050-05-05 08:00:00-08:00,0.0
2050-05-05 12:00:00-08:00,0.0
2050-05-05 16:00:00-08:00,0.0
2050-05-05 20:00:00-08:00,0.0
2050-05-06 00:00:00-08:00,0.0
2050-05-06 04:00:00-08:00,0.0
2050-05-06 08:00:00-08:00,0.0
2050-05-06 12:00:00-08:00,0.0
2050-05-06 16:00:00-08:00,0.0
2050-05-06 20:00:00-08:00,0.0
2050-05-07 00:00:00-08:00,0.0
2050-05-07 04:00:00-08:00,0.0
2050-05-07 08:00:00-08:00,0.0
2050-05-07 12:00:00-08:00,0.0
2050-05-07 16:00:00-08:00,0.0
2050-05-07 20:00:00-08:00,0.0
2050-05-08 00:00:00-08:00,0.0
2050-05-08 04:00:00-08:00,0.0
2050-05-08 08:00:00-08:00,0.0
2050-05-08 12:00:00-08:00,0.0
2050-05-08 16:00:00-08:00,0.0
2050-05-08 20:00:00-08:00,0.0
2050-05-09 00:00:00-08:00,0.0
2050-05-09 04:00:00-08:00,0.0
2050-05-09 08:00:00-08:00,0.0
2050-05-09 12:00:00-08:00,0.0
2050-05-09 16:00:00-08:00,0.0
2050-05-09 20:00:00-08:00,0.0
2050-05-10 00:00:00-08:00,0.0
2050-05-10 04:00:00-08:00,0.0
2050-05-10 08:00:00-08:00,0.0
2050-05-10 12:00:00-08:00,0.0
2050-05-10 16:00:00-08:00,0.0
2050-05-10 20:00:00-08:00,0.0
2050-05-11 00:00:00-08:00,0.0
2050-05-11 04:00:00-08:00,0.0
2050-05-11 08:00:00-08:00,0.0
2050-05-11 12:00:00-08:00,0.0
2050-05-11 16:00:00-08:00,0.0
2050-05-11 20:00:00-08:00,0.0
2050-05-12 00:00:00-08:00,0.0
2050-05-12 04:00:00-08:00,0.0
2050-05-12 08:00:00-08:00,0.0
2050-05-12 12:00:00-08:00,0.0
2050-05-12 16:00:00-08:00,0.0
2050-05-12 20:00:00-08:00,0.0
2050-05-13 00:00:00-08:00,0.0
2050-05-13 04:00:00-08:00,0.0
2050-05-13 08:00:00-08:00,0.0
2050-05-13 12:00:00-08:00,0.0
2050-05-13 16:00:00-08:00,0.0
2050-05-13 20:00:00-08:00,0.0
2050-05-14 00:00:00-08:00,0.0
2050-05-14 04:00:00-08:00,0.0
2050-05-14 08:00:00-08:00,0.0
2050-05-14 12:00:00-08:00,0.0
2050-05-14 16:00:00-08:00,0.0
2050-05-14 20:00:00-08:00,0.0
2050-05-15 00:00:00-08:00,0.0
2050-05-15 04:00:00-08:00,0.0
2050-05-15 08:00:00-08:00,0.0
2050-05-15 12:00:00-08:00,0.0
2050-05-15 16:00:00-08:00,0.0
2050-05-15 20:00:00-08:00,0.0
2050-05-16 00:00:00-08:00,0.0
2050-05-16 04:00:00-08:00,0.0
2050-05-16 08:00:00-08:00,0.0
2050-05-16 12:00:00-08:00,0.0
2050-05-16 16:00:00-08:00,0.0
2050-05-16 20:00:00-08:00,0.0
2050-05-17 00:00:00-08:00,0.0
2050-05-17 04:00:00-08:00,0.0
2050-05-17 08:00:00-08:00,0.0
2050-05-17 12:00:00-08:00,0.0
2050-05-17 16:00:00-08:00,0.0
2050-05-17 20:00:00-08:00,0.0
2050-05-18 00:00:00-08:00,0.0
2050-05-18 04:00:00-08:00,0.0
2050-05-18 08:00:00-08:00,0.0
2050-05-18 12:00:00-08:00,0.0
2050-05-18 16:00:00-08:00,0.0
2050-05-18 20:00:00-08:00,0.0
2050-05-19 00:00:00-08:00,0.0
2050-05-19 04:00:00-08:00,0.0
2050-05-19 08:00:00-08:00,0.0
2050-05-19 12:00:00-08:00,0.0
2050-05-19 16:00:00-08:00,0.0
2050-05-19 20:00:00-08:00,0.0
2050-05-20 00:00:00-08:00,0.0
2050-05-20 04:00:00-08:00,0.0
2050-05-20 08:00:00-08:00,0.0
2050-05-20 12:00:00-08:00,0.0
2050-05-20 16:00:00-08:00,0.0
2050-05-20 20:00:00-08:00,0.0
2050-05-21 00:00:00-08:00,0.0
2050-05-21 04:00:00-08:00,0.0
2050-05-21 08:00:00-08:00,0.0
2050-05-21 12:00:00-08:00,0.0
2050-05-21 16:00:00-08:00,0.0
2050-05-21 20:00:00-08:00,0.0
2050-05-22 00:00:00-08:00,0.0
2050-05-22 04:00:00-08:00,0.0
2050-05-22 08:00:00-08:00,0.0
2050-05-22 12:00:00-08:00,0.0
2050-05-22 16:00:00-08:00,0.0
2050-05-22 20:00:00-08:00,0.0
2050-05-23 00:00:00-08:00,0.0
2050-05-23 04:00:00-08:00,0.0
2050-05-23 08:00:00-08:00,0.0
2050-05-23 12:00:00-08:00,0.0
2050-05-23 16:00:00-08:00,0.0
2050-05-23 20:00:00-08:00,0.0
2050-05-24 00:00:00-08:00,0.0
2050-05-24 04:00:00-08:00,0.0
2050-05-24 08:00:00-08:00,0.0
2050-05-24 12:00:00-08:00,0.0
2050-05-24 16:00:00-08:00,0.0
2050-05-24 20:00:00-08:00,0.0
2050-05-25 00:00:00-08:00,0.0
2050-05-25 04:00:00-08:00,0.0
2050-05-25 08:00:00-08:00,0.0
2050-05-25 12:00:00-08:00,0.0
2050-05-25 16:00:00-08:00,0.0
2050-05-25 20:00:00-08:00,0.0
2050-05-26 00:00:00-08:00,0.0
2050-05-26 04:00:00-08:00,0.0
2050-05-26 08:00:00-08:00,0.0
2050-05-26 12:00:00-08:00,0.0
2050-05-26 16:00:00-08:00,0.0
2050-05-26 20:00:00-08:00,0.0
2050-05-27 00:00:00-08:00,0.0
2050-05-27 04:00:00-08:00,0.0
2050-05-27 08:00:00-08:00,0.0
2050-05-27 12:00:00-08:00,0.0
2050-05-27 16:00:00-08:00,0.0
2050-05-27 20:00:00-08:00,0.0
2050-05-28 00:00:00-08:00,0.0
2050-05-28 04:00:00-08:00,0.02850190476190476
2050-05-28 08:00:00-08:00,0.05700380952380952
2050-05-28 12:00:00-08:00,0.08550571428571428
2050-05-28 16:00:00-08:00,0.11400761904761904
2050-05-28 20:00:00-08:00,0.1425095238095238
2050-05-29 00:00:00-08:00,0.17101142857142856
2050-05-29 04:00:00-08:00,0.19951333333333332
2050-05-29 08:00:00-08:00,0.22801523809523808
2050-05-29 12:00:00-08:00,0.25651714285714283
2050-05-29 16:00:00-08:00,0.2850190476190476
2050-05-29 20:00:00-08:00,0.31352095238095234
2050-05-30 00:00:00-08:00,0.34202285714285713
2050-05-30 04:00:00-08:00,0.3705247619047619
2050-05-30 08:00:00-08:00,0.39902666666666664
2050-05-30 12:00:00-08:00,0.4275285714285714
2050-05-30 16:00:00-08:00,0.4275285714285714
2050-05-30 20:00:00-08:00,0.4275285714285714
2050-05-31 00:00:00-08:00,0.4275285714285714
2050-05-31 04:00:00-08:00,0.4275285714285714
2050-05-31 08:00:00-08:00,0.4275285714285714
2050-05-31 12:00:00-08:00,0.4275285714285714
2050-05-31 16:00:00-08:00,0.4275285714285714
2050-05-31 20:00:00-08:00,0.4275285714285714
2050-06-01 00:00:00-08:00,0.4275285714285714
2050-06-01 04:00:00-08:00,0.4275285714285714
2050-06-01 08:00:00-08:00,0.45603047619047615
2050-06-01 12:00:00-08:00,0.48453238095238094
2050-06-01 16:00:00-08:00,0.5130342857142857
2050-06-01 20:00:00-08:00,0.5415361904761904
2050-06-02 00:00:00-08:00,0.5700380952380952
2050-06-02 04:00:00-08:00,0.59854
2050-06-02 08:00:00-08:00,0.6270419047619047
2050-06-02 12:00:00-08:00,0.6555438095238094
2050-06-02 16:00:00-08:00,0.6840457142857143
2050-06-02 20:00:00-08:00,0.712547619047619
2050-06-03 00:00:00-08:00,0.7410495238095238
2050-06-03 04:00:00-08:00,0.7695514285714286
2050-06-03 08:00:00-08:00,0.7980533333333333
2050-06-03 12:00:00-08:00,0.826555238095238
2050-06-03 16:00:00-08:00,0.8550571428571428
2050-06-03 20:00:00-08:00,0.8835590476190476
2050-06-04 00:00:00-08:00,0.9120609523809523
2050-06-04 04:00:00-08:00,0.9120609523809523
2050-06-04 08:00:00-08:00,0.9120609523809523
2050-06-04 12:00:00-08:00,0.9120609523809523
2050-06-04 16:00:00-08:00,0.907682857142857
2050-06-04 20:00:00-08:00,0.907682857142857
2050-06-05 00:00:00-08:00,0.907682857142857
2050-06-05 04:00:00-08:00,0.9076828571428572
2050-06-05 08:00:00-08:00,0.9076828571428572
2050-06-05 12:00:00-08:00,0.9076828571428572
2050-06-05 16:00:00-08:00,0.9076828571428572
2050-06-05 20:00:00-08:00,0.9381214285714286
2050-06-06 00:00:00-08:00,0.9638847619047619
2050-06-06 04:00:00-08:00,0.9943233333333333
2050-06-06 08:00:00-08:00,1.0247619047619048
2050-06-06 12:00:00-08:00,1.0552004761904763
2050-06-06 16:00:00-08:00,1.1141409523809525
2050-06-06 20:00:00-08:00,1.1693314285714287
2050-06-07 00:00:00-08:00,1.224521904761905
2050-06-07 04:00:00-08:00,1.279712380952381
2050-06-07 08:00:00-08:00,1.3386528571428573
2050-06-07 12:00:00-08:00,1.3975933333333335
2050-06-07 16:00:00-08:00,1.4565338095238096
2050-06-07 20:00:00-08:00,1.5117242857142859
2050-06-08 00:00:00-08:00,1.565989523809524
2050-06-08 04:00:00-08:00,1.6192666666666669
2050-06-08 08:00:00-08:00,1.6497052380952382
2050-06-08 12:00:00-08:00,1.6801438095238095
2050-06-08 16:00:00-08:00,1.7105823809523812
2050-06-08 20:00:00-08:00,1.7410209523809526
2050-06-09 00:00:00-08:00,1.7714595238095239
2050-06-09 04:00:00-08:00,1.8018980952380954
2050-06-09 08:00:00-08:00,1.832336666666667
2050-06-09 12:00:00-08:00,1.8627752380952383
2050-06-09 16:00:00-08:00,1.8627752380952383
2050-06-09 20:00:00-08:00,1.8627752380952383
2050-06-10 00:00:00-08:00,1.8627752380952383
2050-06-10 04:00:00-08:00,1.8627752380952383
2050-06-10 08:00:00-08:00,1.8627752380952383
2050-06-10 12:00:00-08:00,1.8627752380952383
2050-06-10 16:00:00-08:00,1.8342733333333336
2050-06-10 20:00:00-08:00,1.8342733333333336
2050-06-11 00:00:00-08:00,1.8342733333333332
2050-06-11 04:00:00-08:00,1.8342733333333332
2050-06-11 08:00:00-08:00,1.8342733333333332
2050-06-11 12:00:00-08:00,1.8342733333333332
2050-06-11 16:00:00-08:00,1.8342733333333332
2050-06-11 20:00:00-08:00,1.8342733333333332
2050-06-12 00:00:00-08:00,1.8342733333333332
2050-06-12 04:00:00-08:00,1.8342733333333332
2050-06-12 08:00:00-08:00,1.8342733333333332
2050-06-12 12:00:00-08:00,1.8342733333333332
2050-06-12 16:00:00-08:00,1.8057714285714286
2050-06-12 20:00:00-08:00,1.7753328571428573
2050-06-13 00:00:00-08:00,1.749569523809524
2050-06-13 04:00:00-08:00,1.7191309523809526
2050-06-13 08:00:00-08:00,1.6886923809523808
2050-06-13 12:00:00-08:00,1.6582538095238095
2050-06-13 16:00:00-08:00,1.5993133333333334
2050-06-13 20:00:00-08:00,1.5441228571428571
2050-06-14 00:00:00-08:00,1.4889323809523811
2050-06-14 04:00:00-08:00,1.4337419047619049
2050-06-14 08:00:00-08:00,1.3748014285714287
2050-06-14 12:00:00-08:00,1.3158609523809526
2050-06-14 16:00:00-08:00,1.2569204761904762
2050-06-14 20:00:00-08:00,1.2017300000000002
2050-06-15 00:00:00-08:00,1.147464761904762
2050-06-15 04:00:00-08:00,1.094187619047619
2050-06-15 08:00:00-08:00,1.0637490476190476
2050-06-15 12:00:00-08:00,1.0333104761904761
2050-06-15 16:00:00-08:00,1.0028719047619048
2050-06-15 20:00:00-08:00,0.9724333333333333
2050-06-16 00:00:00-08:00,0.941994761904762
2050-06-16 04:00:00-08:00,0.9115561904761904
2050-06-16 08:00:00-08:00,0.8811176190476191
2050-06-16 12:00:00-08:00,0.8506790476190476
2050-06-16 16:00:00-08:00,0.8463009523809523
2050-06-16 20:00:00-08:00,0.8463009523809523
2050-06-17 00:00:00-08:00,0.8463009523809523
2050-06-17 04:00:00-08:00,0.8463009523809523
2050-06-17 08:00:00-08:00,0.8463009523809523
2050-06-17 12:00:00-08:00,0.8463009523809523
2050-06-17 16:00:00-08:00,0.874802857142857
2050-06-17 20:00:00-08:00,0.874802857142857
2050-06-18 00:00:00-08:00,0.874802857142857
2050-06-18 04:00:00-08:00,0.874802857142857
2050-06-18 08:00:00-08:00,0.9063347775319047
2050-06-18 12:00:00-08:00,0.9378666822938095
2050-06-18 16:00:00-08:00,0.9654219203890475
2050-06-18 20:00:00-08:00,0.9921104918176191
2050-06-19 00:00:00-08:00,1.0187990632461905
2050-06-19 04:00:00-08:00,1.045487634674762
2050-06-19 08:00:00-08:00,2.728287158484286
2050-06-19 12:00:00-08:00,4.411284777531906
2050-06-19 16:00:00-08:00,6.0923800156271435
2050-06-19 20:00:00-08:00,6.830519539436668
2050-06-20 00:00:00-08:00,7.571602872769999
2050-06-20 04:00:00-08:00,8.315432396579524
2050-06-20 08:00:00-08:00,10.016024777531905
2050-06-20 12:00:00-08:00,11.716441920389048
2050-06-20 16:00:00-08:00,13.417700015627144
2050-06-20 20:00:00-08:00,14.587714777531904
2050-06-21 00:00:00-08:00,15.757729539436665
2050-06-21 04:00:00-08:00,16.927744301341427
2050-06-21 08:00:00-08:00,18.721428587055716
2050-06-21 12:00:00-08:00,20.494616206103334
2050-06-21 16:00:00-08:00,22.246850491817618
2050-06-21 20:00:00-08:00,23.47657525372238
2050-06-22 00:00:00-08:00,24.69919049181762
2050-06-22 04:00:00-08:00,25.94595430134143
2050-06-22 08:00:00-08:00,27.971366682293812
2050-06-22 12:00:00-08:00,29.996295729912855
2050-06-22 16:00:00-08:00,31.988589063246188
2050-06-22 20:00:00-08:00,33.66726287277
2050-06-23 00:00:00-08:00,35.35129668229381
2050-06-23 04:00:00-08:00,37.043520015627145
2050-06-23 08:00:00-08:00,39.095857158484286
2050-06-23 12:00:00-08:00,41.14792001562714
2050-06-23 16:00:00-08:00,43.16210525372238
2050-06-23 20:00:00-08:00,44.8663209680081
2050-06-24 00:00:00-08:00,46.57367572991286
2050-06-24 04:00:00-08:00,48.2835247775319
2050-06-24 08:00:00-08:00,50.33341525372238
2050-06-24 12:00:00-08:00,52.377377158484286
2050-06-24 16:00:00-08:00,54.332984777531905
2050-06-24 20:00:00-08:00,56.04847382515095
2050-06-25 00:00:00-08:00,57.757698110865235
2050-06-25 04:00:00-08:00,59.47422953943667
2050-06-25 08:00:00-08:00,61.4866138095238
2050-06-25 12:00:00-08:00,63.49000571428571
2050-06-25 16:00:00-08:00,65.4312
2050-06-25 20:00:00-08:00,66.59027
2050-06-26 00:00:00-08:00,67.74618476190476
2050-06-26 04:00:00-08:00,68.88941
2050-06-26 08:00:00-08:00,69.12812476190477
2050-06-26 12:00:00-08:00,69.36612428571428
2050-06-26 16:00:00-08:00,69.62887523809525
2050-06-26 20:00:00-08:00,70.44981809523809
2050-06-27 00:00:00-08:00,71.27301904761904
2050-06-27 04:00:00-08:00,72.33541380952381
2050-06-27 08:00:00-08:00,75.77626238095237
2050-06-27 12:00:00-08:00,79.20953857142857
2050-06-27 16:00:00-08:00,82.65178523809524
2050-06-27 20:00:00-08:00,85.81542761904763
2050-06-28 00:00:00-08:00,88.99437476190477
2050-06-28 04:00:00-08:00,92.18488380952381
2050-06-28 08:00:00-08:00,95.63464238095239
2050-06-28 12:00:00-08:00,99.11829285714286
2050-06-28 16:00:00-08:00,102.6006919047619
2050-06-28 20:00:00-08:00,105.78521
2050-06-29 00:00:00-08:00,109.08333761904763
2050-06-29 04:00:00-08:00,112.2855119047619
2050-06-29 08:00:00-08:00,115.5889880952381
2050-06-29 12:00:00-08:00,118.89250476190476
2050-06-29 16:00:00-08:00,122.22206666666666
2050-06-29 20:00:00-08:00,125.11643857142856
2050-06-30 00:00:00-08:00,128.02638857142855
2050-06-30 04:00:00-08:00,131.02603476190475
2050-06-30 08:00:00-08:00,134.3025861904762
2050-06-30 12:00:00-08:00,137.57895952380954
2050-06-30 16:00:00-08:00,140.8893742857143
2050-06-30 20:00:00-08:00,143.67706619047618
2050-07-01 00:00:00-08:00,146.46198095238097
2050-07-01 04:00:00-08:00,149.24974428571426
2050-07-01 08:00:00-08:00,152.49859
2050-07-01 12:00:00-08:00,155.75067380952382
2050-07-01 16:00:00-08:00,159.00320714285712
2050-07-01 20:00:00-08:00,161.39570190476192
2050-07-02 00:00:00-08:00,163.94649476190475
2050-07-02 04:00:00-08:00,166.38048047619046
2050-07-02 08:00:00-08:00,169.2408004761905
2050-07-02 12:00:00-08:00,172.11011285714287
2050-07-02 16:00:00-08:00,175.0155204761905
2050-07-02 20:00:00-08:00,176.76846095238093
2050-07-03 00:00:00-08:00,178.6178066666667
2050-07-03 04:00:00-08:00,180.5278323809524
2050-07-03 08:00:00-08:00,183.43666380952382
2050-07-03 12:00:00-08:00,186.30100761904762
2050-07-03 16:00:00-08:00,189.06715190476191
2050-07-03 20:00:00-08:00,189.28970857142858
2050-07-04 00:00:00-08:00,189.48792285714285
2050-07-04 04:00:00-08:00,189.46560571428572
2050-07-04 08:00:00-08:00,189.17333428571428
2050-07-04 12:00:00-08:00,188.86217238095236
2050-07-04 16:00:00-08:00,188.5525723809524
2050-07-04 20:00:00-08:00,188.27397714285715
2050-07-05 00:00:00-08:00,187.98709142857143
2050-07-05 04:00:00-08:00,187.68245333333334
2050-07-05 08:00:00-08:00,187.32881523809525
2050-07-05 12:00:00-08:00,186.9617819047619
2050-07-05 16:00:00-08:00,186.59712000000002
2050-07-05 20:00:00-08:00,186.16133904761904
2050-07-06 00:00:00-08:00,185.63086761904765
2050-07-06 04:00:00-08:00,185.16146285714285
2050-07-06 08:00:00-08:00,184.65432476190477
2050-07-06 12:00:00-08:00,184.14828190476192
2050-07-06 16:00:00-08:00,183.63297714285713
2050-07-06 20:00:00-08:00,180.43158
2050-07-07 00:00:00-08:00,177.40858000000003
2050-07-07 04:00:00-08:00,174.21297904761906
2050-07-07 08:00:00-08:00,171.85170333333332
2050-07-07 12:00:00-08:00,169.48655142857143
2050-07-07 16:00:00-08:00,166.86110047619047
2050-07-07 20:00:00-08:00,162.5580861904762
2050-07-08 00:00:00-08:00,159.15610763362332
2050-07-08 04:00:00-08:00,156.09727002915335
2050-07-08 08:00:00-08:00,154.58030336248666
2050-07-08 12:00:00-08:00,153.06602717201048
2050-07-08 16:00:00-08:00,151.4042986005819
2050-07-08 20:00:00-08:00,149.13139764820096
2050-07-09 00:00:00-08:00,146.67706145772476
2050-07-09 04:00:00-08:00,144.39254764820095
2050-07-09 08:00:00-08:00,142.52728336248668
2050-07-09 12:00:00-08:00,140.66070955296286
2050-07-09 16:00:00-08:00,138.12549193391524
2050-07-09 20:00:00-08:00,135.3326147910581
2050-07-10 00:00:00-08:00,132.46013431486762
2050-07-10 04:00:00-08:00,129.53966336248666
2050-07-10 08:00:00-08:00,129.50291098153426
2050-07-10 12:00:00-08:00,129.51116336248666
2050-07-10 16:00:00-08:00,129.61340621962952
2050-07-10 20:00:00-08:00,130.75922098756524
2050-07-11 00:00:00-08:00,131.95909432692903
2050-07-11 04:00:00-08:00,133.12080671391192
2050-07-11 08:00:00-08:00,133.1977829043881
2050-07-11 12:00:00-08:00,133.29337814248333
2050-07-11 16:00:00-08:00,133.39351147581667
2050-07-11 20:00:00-08:00,132.38856242819762
2050-07-12 00:00:00-08:00,131.4577990948643
2050-07-12 04:00:00-08:00,130.54932147581667
2050-07-12 08:00:00-08:00,130.45700242819763
2050-07-12 12:00:00-08:00,130.38739766629286
2050-07-12 16:00:00-08:00,130.2607167139119
2050-07-12 20:00:00-08:00,128.15198576153094
2050-07-13 00:00:00-08:00,126.15527147581668
2050-07-13 04:00:00-08:00,124.26223909486428
2050-07-13 08:00:00-08:00,125.41695338057856
2050-07-13 12:00:00-08:00,126.57101528534047
2050-07-13 16:00:00-08:00,127.66932004724524
2050-07-13 20:00:00-08:00,131.38526004724523
2050-07-14 00:00:00-08:00,134.90337433295952
2050-07-14 04:00:00-08:00,138.49620385676903
2050-07-14 08:00:00-08:00,141.52592242819762
2050-07-14 12:00:00-08:00,144.55649338057856
2050-07-14 16:00:00-08:00,147.76713004724525
2050-07-14 20:00:00-08:00,152.67349195200714
2050-07-15 00:00:00-08:00,156.67889908028857
2050-07-15 04:00:00-08:00,160.51842239904428
2050-07-15 08:00:00-08:00,162.79609858952048
2050-07-15 12:00:00-08:00,165.06710335142523
2050-07-15 16:00:00-08:00,167.49256525618713
2050-07-15 20:00:00-08:00,170.80874716094903
2050-07-16 00:00:00-08:00,174.15433097047284
2050-07-16 04:00:00-08:00,177.46883525618716
2050-07-16 08:00:00-08:00,180.65333287523475
2050-07-16 12:00:00-08:00,183.83007811333002
2050-07-16 16:00:00-08:00,187.6049100180919
2050-07-16 20:00:00-08:00,192.75994335142525
2050-07-17 00:00:00-08:00,197.90699668475858
2050-07-17 04:00:00-08:00,203.05654049428242
2050-07-17 08:00:00-08:00,204.57053573237764
2050-07-17 12:00:00-08:00,206.06924049428238
2050-07-17 16:00:00-08:00,207.4931928752347
2050-07-17 20:00:00-08:00,209.89471334539428
2050-07-18 00:00:00-08:00,212.26333000603046
2050-07-18 04:00:00-08:00,214.7243561904762
2050-07-18 08:00:00-08:00,216.24743714285714
2050-07-18 12:00:00-08:00,217.77782285714287
2050-07-18 16:00:00-08:00,219.1762847619048
2050-07-18 20:00:00-08:00,221.52968142857142
2050-07-19 00:00:00-08:00,223.82785904761906
2050-07-19 04:00:00-08:00,226.1099414285714
2050-07-19 08:00:00-08:00,227.85591761904766
2050-07-19 12:00:00-08:00,229.57770333333332
2050-07-19 16:00:00-08:00,231.23645095238095
2050-07-19 20:00:00-08:00,234.85649142857147
2050-07-20 00:00:00-08:00,238.36566761904766
2050-07-20 04:00:00-08:00,241.84209047619046
2050-07-20 08:00:00-08:00,242.38758095238094
2050-07-20 12:00:00-08:00,242.93307142857142
2050-07-20 16:00:00-08:00,243.4359142857143
2050-07-20 20:00:00-08:00,243.82923333333332
2050-07-21 00:00:00-08:00,244.2763904761905
2050-07-21 04:00:00-08:00,244.82348095238095
2050-07-21 08:00:00-08:00,245.44280952380953
2050-07-21 12:00:00-08:00,246.18272857142858
2050-07-21 16:00:00-08:00,246.6357857142857
2050-07-21 20:00:00-08:00,246.9050142857143
2050-07-22 00:00:00-08:00,247.18862380952382
2050-07-22 04:00:00-08:00,247.28963333333334
2050-07-22 08:00:00-08:00,247.59436666666667
2050-07-22 12:00:00-08:00,247.8840380952381
2050-07-22 16:00:00-08:00,248.1594857142857
2050-07-22 20:00:00-08:00,248.25841428571428
2050-07-23 00:00:00-08:00,248.3677095238095
2050-07-23 04:00:00-08:00,248.47864761904765
2050-07-23 08:00:00-08:00,248.45093809523812
2050-07-23 12:00:00-08:00,248.43619047619046
2050-07-23 16:00:00-08:00,248.26878571428574
2050-07-23 20:00:00-08:00,247.53346666666667
2050-07-24 00:00:00-08:00,246.81822857142856
2050-07-24 04:00:00-08:00,246.1059857142857
2050-07-24 08:00:00-08:00,245.2244476190476
2050-07-24 12:00:00-08:00,244.35786190476193
2050-07-24 16:00:00-08:00,243.53358571428575
2050-07-24 20:00:00-08:00,242.2123476190476
2050-07-25 00:00:00-08:00,240.88977142857144
2050-07-25 04:00:00-08:00,239.47883333333334
2050-07-25 08:00:00-08:00,237.9233761904762
2050-07-25 12:00:00-08:00,236.37071904761905
2050-07-25 16:00:00-08:00,234.89850952380954
2050-07-25 20:00:00-08:00,231.38669904761906
2050-07-26 00:00:00-08:00,228.22555523809527
2050-07-26 04:00:00-08:00,225.04092999999997
2050-07-26 08:00:00-08:00,222.06287380952375
2050-07-26 12:00:00-08:00,219.1767619047619
2050-07-26 16:00:00-08:00,216.30068238095234
2050-07-26 20:00:00-08:00,210.98069666666666
2050-07-27 00:00:00-08:00,205.68426476190476
2050-07-27 04:00:00-08:00,200.3289357142857
2050-07-27 08:00:00-08:00,194.03395952380953
2050-07-27 12:00:00-08:00,187.73898333333332
2050-07-27 16:00:00-08:00,181.38360714285713
2050-07-27 20:00:00-08:00,175.95502142857143
2050-07-28 00:00:00-08:00,170.4857595238095
2050-07-28 04:00:00-08:00,164.82106904761903
2050-07-28 08:00:00-08:00,158.1759071428571
2050-07-28 12:00:00-08:00,151.41363095238094
2050-07-28 16:00:00-08:00,145.02666428571428
2050-07-28 20:00:00-08:00,139.63367857142856
2050-07-29 00:00:00-08:00,134.22586904761903
2050-07-29 04:00:00-08:00,128.8180595238095
2050-07-29 08:00:00-08:00,122.42537857142857
2050-07-29 12:00:00-08:00,116.05443095238094
2050-07-29 16:00:00-08:00,109.77860714285713
2050-07-29 20:00:00-08:00,104.4999119047619
2050-07-30 00:00:00-08:00,99.21084999999998
2050-07-30 04:00:00-08:00,93.89090238095238
2050-07-30 08:00:00-08:00,87.66664047619048
2050-07-30 12:00:00-08:00,81.43847857142858
2050-07-30 16:00:00-08:00,75.4679880952381
2050-07-30 20:00:00-08:00,70.87395
2050-07-31 00:00:00-08:00,66.25416428571428
2050-07-31 04:00:00-08:00,61.62889285714286
2050-07-31 08:00:00-08:00,56.17434047619047
2050-07-31 12:00:00-08:00,50.72012619047619
2050-07-31 16:00:00-08:00,45.30821666666667
2050-07-31 20:00:00-08:00,41.27197857142857
2050-08-01 00:00:00-08:00,37.23506428571428
2050-08-01 04:00:00-08:00,33.21085476190476
2050-08-01 08:00:00-08:00,28.28858333333333
2050-08-01 12:00:00-08:00,23.36422619047619
2050-08-01 16:00:00-08:00,18.503935714285713
2050-08-01 20:00:00-08:00,16.612236666666668
2050-08-02 00:00:00-08:00,14.343889999999998
2050-08-02 04:00:00-08:00,12.099024761904762
2050-08-02 08:00:00-08:00,8.533619047619048
2050-08-02 12:00:00-08:00,4.877745238095238
2050-08-02 16:00:00-08:00,1.3517866666666667
2050-08-02 20:00:00-08:00,1.1820009523809523
2050-08-03 00:00:00-08:00,0.9756995238095237
2050-08-03 04:00:00-08:00,0.7681047619047618
2050-08-03 08:00:00-08:00,0.5126238095238096
2050-08-03 12:00:00-08:00,0.2571428571428571
2050-08-03 16:00:00-08:00,0.1763190476190476
2050-08-03 20:00:00-08:00,0.09549523809523809
2050-08-04 00:00:00-08:00,0.0
2050-08-04 04:00:00-08:00,0.0
2050-08-04 08:00:00-08:00,0.0
2050-08-04 12:00:00-08:00,0.0
2050-08-04 16:00:00-08:00,0.0
2050-08-04 20:00:00-08:00,0.0
2050-08-05 00:00:00-08:00,0.0
2050-08-05 04:00:00-08:00,0.0
2050-08-05 08:00:00-08:00,0.0
2050-08-05 12:00:00-08:00,0.0
2050-08-05 16:00:00-08:00,0.0
2050-08-05 20:00:00-08:00,0.0
2050-08-06 00:00:00-08:00,0.0
2050-08-06 04:00:00-08:00,0.0
2050-08-06 08:00:00-08:00,0.0
2050-08-06 12:00:00-08:00,0.0
2050-08-06 16:00:00-08:00,0.0
2050-08-06 20:00:00-08:00,0.0
2050-08-07 00:00:00-08:00,0.0
2050-08-07 04:00:00-08:00,0.0
2050-08-07 08:00:00-08:00,0.0
2050-08-07 12:00:00-08:00,0.0
2050-08-07 16:00:00-08:00,0.0
2050-08-07 20:00:00-08:00,0.0
2050-08-08 00:00:00-08:00,0.0
2050-08-08 04:00:00-08:00,0.0
2050-08-08 08:00:00-08:00,0.0
2050-08-08 12:00:00-08:00,0.0
2050-08-08 16:00:00-08:00,0.0
2050-08-08 20:00:00-08:00,0.0
2050-08-09 00:00:00-08:00,0.0
2050-08-09 04:00:00-08:00,0.0
2050-08-09 08:00:00-08:00,0.0
2050-08-09 12:00:00-08:00,0.0
2050-08-09 16:00:00-08:00,0.0
2050-08-09 20:00:00-08:00,0.0
2050-08-10 00:00:00-08:00,0.0
2050-08-10 04:00:00-08:00,0.0
2050-08-10 08:00:00-08:00,0.0
2050-08-10 12:00:00-08:00,0.0
2050-08-10 16:00:00-08:00,0.0
2050-08-10 20:00:00-08:00,0.0
2050-08-11 00:00:00-08:00,0.0
2050-08-11 04:00:00-08:00,0.0
2050-08-11 08:00:00-08:00,0.0
2050-08-11 12:00:00-08:00,0.0
2050-08-11 16:00:00-08:00,0.0
2050-08-11 20:00:00-08:00,0.0
2050-08-12 00:00:00-08:00,0.0
2050-08-12 04:00:00-08:00,0.0
2050-08-12 08:00:00-08:00,0.0
2050-08-12 12:00:00-08:00,0.0
2050-08-12 16:00:00-08:00,0.0
2050-08-12 20:00:00-08:00,0.0
2050-08-13 00:00:00-08:00,0.0
2050-08-13 04:00:00-08:00,0.0
2050-08-13 08:00:00-08:00,0.0
2050-08-13 12:00:00-08:00,0.0
2050-08-13 16:00:00-08:00,0.0
2050-08-13 20:00:00-08:00,0.0
2050-08-14 00:00:00-08:00,0.0
2050-08-14 04:00:00-08:00,0.0
2050-08-14 08:00:00-08:00,0.0
2050-08-14 12:00:00-08:00,0.0
2050-08-14 16:00:00-08:00,0.0
2050-08-14 20:00:00-08:00,0.0
2050-08-15 00:00:00-08:00,0.0
2050-08-15 04:00:00-08:00,0.0
2050-08-15 08:00:00-08:00,0.0
2050-08-15 12:00:00-08:00,0.0
2050-08-15 16:00:00-08:00,0.0
2050-08-15 20:00:00-08:00,0.0
2050-08-16 00:00:00-08:00,0.0
2050-08-16 04:00:00-08:00,0.0
2050-08-16 08:00:00-08:00,0.0
2050-08-16 12:00:00-08:00,0.0
2050-08-16 16:00:00-08:00,0.0
2050-08-16 20:00:00-08:00,0.0
2050-08-17 00:00:00-08:00,0.0
2050-08-17 04:00:00-08:00,0.0
2050-08-17 08:00:00-08:00,0.0
2050-08-17 12:00:00-08:00,0.0
2050-08-17 16:00:00-08:00,0.0
2050-08-17 20:00:00-08:00,0.0
2050-08-18 00:00:00-08:00,0.0
2050-08-18 04:00:00-08:00,0.0
2050-08-18 08:00:00-08:00,0.0
2050-08-18 12:00:00-08:00,0.0
2050-08-18 16:00:00-08:00,0.0
2050-08-18 20:00:00-08:00,0.0
2050-08-19 00:00:00-08:00,0.0
2050-08-19 04:00:00-08:00,0.0
2050-08-19 08:00:00-08:00,0.0
2050-08-19 12:00:00-08:00,0.0
2050-08-19 16:00:00-08:00,0.0
2050-08-19 20:00:00-08:00,0.0
2050-08-20 00:00:00-08:00,0.0
2050-08-20 04:00:00-08:00,0.0
2050-08-20 08:00:00-08:00,0.0
2050-08-20 12:00:00-08:00,0.0
2050-08-20 16:00:00-08:00,0.0
2050-08-20 20:00:00-08:00,0.0
2050-08-21 00:00:00-08:00,0.0
2050-08-21 04:00:00-08:00,0.0
2050-08-21 08:00:00-08:00,0.0
2050-08-21 12:00:00-08:00,0.0
2050-08-21 16:00:00-08:00,0.0
2050-08-21 20:00:00-08:00,0.0
2050-08-22 00:00:00-08:00,0.0
2050-08-22 04:00:00-08:00,0.0
2050-08-22 08:00:00-08:00,0.0
2050-08-22 12:00:00-08:00,0.0
2050-08-22 16:00:00-08:00,0.0
2050-08-22 20:00:00-08:00,0.0
2050-08-23 00:00:00-08:00,0.0
2050-08-23 04:00:00-08:00,0.0
2050-08-23 08:00:00-08:00,0.0
2050-08-23 12:00:00-08:00,0.0
2050-08-23 16:00:00-08:00,0.0
2050-08-23 20:00:00-08:00,0.0
2050-08-24 00:00:00-08:00,0.0
2050-08-24 04:00:00-08:00,0.0
2050-08-24 08:00:00-08:00,0.0
2050-08-24 12:00:00-08:00,0.0
2050-08-24 16:00:00-08:00,0.0
2050-08-24 20:00:00-08:00,0.0
2050-08-25 00:00:00-08:00,0.0
2050-08-25 04:00:00-08:00,0.0
2050-08-25 08:00:00-08:00,0.0
2050-08-25 12:00:00-08:00,0.0
2050-08-25 16:00:00-08:00,0.0
2050-08-25 20:00:00-08:00,0.0
2050-08-26 00:00:00-08:00,0.0
2050-08-26 04:00:00-08:00,0.0
2050-08-26 08:00:00-08:00,0.0
2050-08-26 12:00:00-08:00,0.0
2050-08-26 16:00:00-08:00,0.0
2050-08-26 20:00:00-08:00,0.0
2050-08-27 00:00:00-08:00,0.0
2050-08-27 04:00:00-08:00,0.0
2050-08-27 08:00:00-08:00,0.0
2050-08-27 12:00:00-08:00,0.0
2050-08-27 16:00:00-08:00,0.0
2050-08-27 20:00:00-08:00,0.0
2050-08-28 00:00:00-08:00,0.0
2050-08-28 04:00:00-08:00,0.0
2050-08-28 08:00:00-08:00,0.0
2050-08-28 12:00:00-08:00,0.0
2050-08-28 16:00:00-08:00,0.0
2050-08-28 20:00:00-08:00,0.0
2050-08-29 00:00:00-08:00,0.0
2050-08-29 04:00:00-08:00,0.0
2050-08-29 08:00:00-08:00,0.0
2050-08-29 12:00:00-08:00,0.0
2050-08-29 16:00:00-08:00,0.0
2050-08-29 20:00:00-08:00,0.0
2050-08-30 00:00:00-08:00,0.0
2050-08-30 04:00:00-08:00,0.0
2050-08-30 08:00:00-08:00,0.0
2050-08-30 12:00:00-08:00,0.0
2050-08-30 16:00:00-08:00,0.0
2050-08-30 20:00:00-08:00,0.0
2050-08-31 00:00:00-08:00,0.0
2050-08-31 04:00:00-08:00,0.0
2050-08-31 08:00:00-08:00,0.0
2050-08-31 12:00:00-08:00,0.0
2050-08-31 16:00:00-08:00,0.0
2050-08-31 20:00:00-08:00,0.0
2050-09-01 00:00:00-08:00,0.0
2050-09-01 04:00:00-08:00,0.0
2050-09-01 08:00:00-08:00,0.0
2050-09-01 12:00:00-08:00,0.0
2050-09-01 16:00:00-08:00,0.0
2050-09-01 20:00:00-08:00,0.0
2050-09-02 00:00:00-08:00,0.0
2050-09-02 04:00:00-08:00,0.0
2050-09-02 08:00:00-08:00,0.0
2050-09-02 12:00:00-08:00,0.0
2050-09-02 16:00:00-08:00,0.0
2050-09-02 20:00:00-08:00,0.0
2050-09-03 00:00:00-08:00,0.0
2050-09-03 04:00:00-08:00,0.0
2050-09-03 08:00:00-08:00,0.0
2050-09-03 12:00:00-08:00,0.0
2050-09-03 16:00:00-08:00,0.0
2050-09-03 20:00:00-08:00,0.0
2050-09-04 00:00:00-08:00,0.0
2050-09-04 04:00:00-08:00,0.0
2050-09-04 08:00:00-08:00,0.0
2050-09-04 12:00:00-08:00,0.0
2050-09-04 16:00:00-08:00,0.0
2050-09-04 20:00:00-08:00,0.0
2050-09-05 00:00:00-08:00,0.0
2050-09-05 04:00:00-08:00,0.0
2050-09-05 08:00:00-08:00,0.0
2050-09-05 12:00:00-08:00,0.0
2050-09-05 16:00:00-08:00,0.0
2050-09-05 20:00:00-08:00,0.0
2050-09-06 00:00:00-08:00,0.0
2050-09-06 04:00:00-08:00,0.0
2050-09-06 08:00:00-08:00,0.0
2050-09-06 12:00:00-08:00,0.0
2050-09-06 16:00:00-08:00,0.0
2050-09-06 20:00:00-08:00,0.0
2050-09-07 00:00:00-08:00,0.0
2050-09-07 04:00:00-08:00,0.0
2050-09-07 08:00:00-08:00,0.0
2050-09-07 12:00:00-08:00,0.0
2050-09-07 16:00:00-08:00,0.0
2050-09-07 20:00:00-08:00,0.0
2050-09-08 00:00:00-08:00,0.0
2050-09-08 04:00:00-08:00,0.0
2050-09-08 08:00:00-08:00,0.0
2050-09-08 12:00:00-08:00,0.0
2050-09-08 16:00:00-08:00,0.0
2050-09-08 20:00:00-08:00,0.0
2050-09-09 00:00:00-08:00,0.0
2050-09-09 04:00:00-08:00,0.0
2050-09-09 08:00:00-08:00,0.0
2050-09-09 12:00:00-08:00,0.0
2050-09-09 16:00:00-08:00,0.0
2050-09-09 20:00:00-08:00,0.0
2050-09-10 00:00:00-08:00,0.0
2050-09-10 04:00:00-08:00,0.0
2050-09-10 08:00:00-08:00,0.0
2050-09-10 12:00:00-08:00,0.0
2050-09-10 16:00:00-08:00,0.0
2050-09-10 20:00:00-08:00,0.0
2050-09-11 00:00:00-08:00,0.0
2050-09-11 04:00:00-08:00,0.0
2050-09-11 08:00:00-08:00,0.0
2050-09-11 12:00:00-08:00,0.0
2050-09-11 16:00:00-08:00,0.0
2050-09-11 20:00:00-08:00,0.0
2050-09-12 00:00:00-08:00,0.0
2050-09-12 04:00:00-08:00,0.0
2050-09-12 08:00:00-08:00,0.0
2050-09-12 12:00:00-08:00,0.0
2050-09-12 16:00:00-08:00,0.0
2050-09-12 20:00:00-08:00,0.0
2050-09-13 00:00:00-08:00,0.0
2050-09-13 04:00:00-08:00,0.0
2050-09-13 08:00:00-08:00,0.0
2050-09-13 12:00:00-08:00,0.0
2050-09-13 16:00:00-08:00,0.0
2050-09-13 20:00:00-08:00,0.0
2050-09-14 00:00:00-08:00,0.0
2050-09-14 04:00:00-08:00,0.0
2050-09-14 08:00:00-08:00,0.0
2050-09-14 12:00:00-08:00,0.0
2050-09-14 16:00:00-08:00,0.0
2050-09-14 20:00:00-08:00,0.0
2050-09-15 00:00:00-08:00,0.0
2050-09-15 04:00:00-08:00,0.0
2050-09-15 08:00:00-08:00,0.0
2050-09-15 12:00:00-08:00,0.0
2050-09-15 16:00:00-08:00,0.0
2050-09-15 20:00:00-08:00,0.0
2050-09-16 00:00:00-08:00,0.0
2050-09-16 04:00:00-08:00,0.0
2050-09-16 08:00:00-08:00,0.0
2050-09-16 12:00:00-08:00,0.0
2050-09-16 16:00:00-08:00,0.0
2050-09-16 20:00:00-08:00,0.0
2050-09-17 00:00:00-08:00,0.0
2050-09-17 04:00:00-08:00,0.0
2050-09-17 08:00:00-08:00,0.0
2050-09-17 12:00:00-08:00,0.0
2050-09-17 16:00:00-08:00,0.0
2050-09-17 20:00:00-08:00,0.0
2050-09-18 00:00:00-08:00,0.0
2050-09-18 04:00:00-08:00,0.0
2050-09-18 08:00:00-08:00,0.0
2050-09-18 12:00:00-08:00,0.0
2050-09-18 16:00:00-08:00,0.0
2050-09-18 20:00:00-08:00,0.0
2050-09-19 00:00:00-08:00,0.0
2050-09-19 04:00:00-08:00,0.0
2050-09-19 08:00:00-08:00,0.0
2050-09-19 12:00:00-08:00,0.0
2050-09-19 16:00:00-08:00,0.0
2050-09-19 20:00:00-08:00,0.0
2050-09-20 00:00:00-08:00,0.0
2050-09-20 04:00:00-08:00,0.0
2050-09-20 08:00:00-08:00,0.0
2050-09-20 12:00:00-08:00,0.0
2050-09-20 16:00:00-08:00,0.0
2050-09-20 20:00:00-08:00,0.0
2050-09-21 00:00:00-08:00,0.0
2050-09-21 04:00:00-08:00,0.0
2050-09-21 08:00:00-08:00,0.0
2050-09-21 12:00:00-08:00,0.0
2050-09-21 16:00:00-08:00,0.0
2050-09-21 20:00:00-08:00,0.0
2050-09-22 00:00:00-08:00,0.0
2050-09-22 04:00:00-08:00,0.0
2050-09-22 08:00:00-08:00,0.0
2050-09-22 12:00:00-08:00,0.0
2050-09-22 16:00:00-08:00,0.0
2050-09-22 20:00:00-08:00,0.0
2050-09-23 00:00:00-08:00,0.0
2050-09-23 04:00:00-08:00,0.0
2050-09-23 08:00:00-08:00,0.0
2050-09-23 12:00:00-08:00,0.0
2050-09-23 16:00:00-08:00,0.0
2050-09-23 20:00:00-08:00,0.0
2050-09-24 00:00:00-08:00,0.0
2050-09-24 04:00:00-08:00,0.0
2050-09-24 08:00:00-08:00,0.0
2050-09-24 12:00:00-08:00,0.0
2050-09-24 16:00:00-08:00,0.0
2050-09-24 20:00:00-08:00,0.0
2050-09-25 00:00:00-08:00,0.0
2050-09-25 04:00:00-08:00,0.0
2050-09-25 08:00:00-08:00,0.0
2050-09-25 12:00:00-08:00,0.0
2050-09-25 16:00:00-08:00,0.0
2050-09-25 20:00:00-08:00,0.0
2050-09-26 00:00:00-08:00,0.0
2050-09-26 04:00:00-08:00,0.0
2050-09-26 08:00:00-08:00,0.0
2050-09-26 12:00:00-08:00,0.0
2050-09-26 16:00:00-08:00,0.0
2050-09-26 20:00:00-08:00,0.0
2050-09-27 00:00:00-08:00,0.0
2050-09-27 04:00:00-08:00,0.0
2050-09-27 08:00:00-08:00,0.0
2050-09-27 12:00:00-08:00,0.0
2050-09-27 16:00:00-08:00,0.0
2050-09-27 20:00:00-08:00,0.0
2050-09-28 00:00:00-08:00,0.0
2050-09-28 04:00:00-08:00,0.0
2050-09-28 08:00:00-08:00,0.0
2050-09-28 12:00:00-08:00,0.0
2050-09-28 16:00:00-08:00,0.0
2050-09-28 20:00:00-08:00,0.0
2050-09-29 00:00:00-08:00,0.0
2050-09-29 04:00:00-08:00,0.0
2050-09-29 08:00:00-08:00,0.0
2050-09-29 12:00:00-08:00,0.0
2050-09-29 16:00:00-08:00,0.0
2050-09-29 20:00:00-08:00,0.0
2050-09-30 00:00:00-08:00,0.0
2050-09-30 04:00:00-08:00,0.0
2050-09-30 08:00:00-08:00,0.0
2050-09-30 12:00:00-08:00,0.0
2050-09-30 16:00:00-08:00,0.0
2050-09-30 20:00:00-08:00,0.0
2050-10-01 00:00:00-08:00,0.0
2050-10-01 04:00:00-08:00,0.0
2050-10-01 08:00:00-08:00,0.0
2050-10-01 12:00:00-08:00,0.0
2050-10-01 16:00:00-08:00,0.0
2050-10-01 20:00:00-08:00,0.0
2050-10-02 00:00:00-08:00,0.0
2050-10-02 04:00:00-08:00,0.0
2050-10-02 08:00:00-08:00,0.0
2050-10-02 12:00:00-08:00,0.0
2050-10-02 16:00:00-08:00,0.0
2050-10-02 20:00:00-08:00,0.0
2050-10-03 00:00:00-08:00,0.0
2050-10-03 04:00:00-08:00,0.0
2050-10-03 08:00:00-08:00,0.0
2050-10-03 12:00:00-08:00,0.0
2050-10-03 16:00:00-08:00,0.0
2050-10-03 20:00:00-08:00,0.0
2050-10-04 00:00:00-08:00,0.0
2050-10-04 04:00:00-08:00,0.0
2050-10-04 08:00:00-08:00,0.0
2050-10-04 12:00:00-08:00,0.0
2050-10-04 16:00:00-08:00,0.0
2050-10-04 20:00:00-08:00,0.0
2050-10-05 00:00:00-08:00,0.0
2050-10-05 04:00:00-08:00,0.0
2050-10-05 08:00:00-08:00,0.0
2050-10-05 12:00:00-08:00,0.0
2050-10-05 16:00:00-08:00,0.0
2050-10-05 20:00:00-08:00,0.0
2050-10-06 00:00:00-08:00,0.0
2050-10-06 04:00:00-08:00,0.0
2050-10-06 08:00:00-08:00,0.0
2050-10-06 12:00:00-08:00,0.0
2050-10-06 16:00:00-08:00,0.0
2050-10-06 20:00:00-08:00,0.0
2050-10-07 00:00:00-08:00,0.0
2050-10-07 04:00:00-08:00,0.0
2050-10-07 08:00:00-08:00,0.0
2050-10-07 12:00:00-08:00,0.0
2050-10-07 16:00:00-08:00,0.0
2050-10-07 20:00:00-08:00,0.0
2050-10-08 00:00:00-08:00,0.0
2050-10-08 04:00:00-08:00,0.0
2050-10-08 08:00:00-08:00,0.0
2050-10-08 12:00:00-08:00,0.0
2050-10-08 16:00:00-08:00,0.0
2050-10-08 20:00:00-08:00,0.0
2050-10-09 00:00:00-08:00,0.0
2050-10-09 04:00:00-08:00,0.0
2050-10-09 08:00:00-08:00,0.0
2050-10-09 12:00:00-08:00,0.0
2050-10-09 16:00:00-08:00,0.0
2050-10-09 20:00:00-08:00,0.0
2050-10-10 00:00:00-08:00,0.0
2050-10-10 04:00:00-08:00,0.0
2050-10-10 08:00:00-08:00,0.0
2050-10-10 12:00:00-08:00,0.0
2050-10-10 16:00:00-08:00,0.0
2050-10-10 20:00:00-08:00,0.0
2050-10-11 00:00:00-08:00,0.0
2050-10-11 04:00:00-08:00,0.0
2050-10-11 08:00:00-08:00,0.0
2050-10-11 12:00:00-08:00,0.0
2050-10-11 16:00:00-08:00,0.0
2050-10-11 20:00:00-08:00,0.0
2050-10-12 00:00:00-08:00,0.0
2050-10-12 04:00:00-08:00,0.0
2050-10-12 08:00:00-08:00,0.0
2050-10-12 12:00:00-08:00,0.0
2050-10-12 16:00:00-08:00,0.0
2050-10-12 20:00:00-08:00,0.0
2050-10-13 00:00:00-08:00,0.0
2050-10-13 04:00:00-08:00,0.0
2050-10-13 08:00:00-08:00,0.0
2050-10-13 12:00:00-08:00,0.0
2050-10-13 16:00:00-08:00,0.0
2050-10-13 20:00:00-08:00,0.0
2050-10-14 00:00:00-08:00,0.0
2050-10-14 04:00:00-08:00,0.0
2050-10-14 08:00:00-08:00,0.0
2050-10-14 12:00:00-08:00,0.0
2050-10-14 16:00:00-08:00,0.0
2050-10-14 20:00:00-08:00,0.0
2050-10-15 00:00:00-08:00,0.0
2050-10-15 04:00:00-08:00,0.0
2050-10-15 08:00:00-08:00,0.0
2050-10-15 12:00:00-08:00,0.0
2050-10-15 16:00:00-08:00,0.0
2050-10-15 20:00:00-08:00,0.0
2050-10-16 00:00:00-08:00,0.0
2050-10-16 04:00:00-08:00,0.0
2050-10-16 08:00:00-08:00,0.0
2050-10-16 12:00:00-08:00,0.0
2050-10-16 16:00:00-08:00,0.0
2050-10-16 20:00:00-08:00,0.0
2050-10-17 00:00:00-08:00,0.0
2050-10-17 04:00:00-08:00,0.0
2050-10-17 08:00:00-08:00,0.0
2050-10-17 12:00:00-08:00,0.0
2050-10-17 16:00:00-08:00,0.0
2050-10-17 20:00:00-08:00,0.0
2050-10-18 00:00:00-08:00,0.0
2050-10-18 04:00:00-08:00,0.0
2050-10-18 08:00:00-08:00,0.0
2050-10-18 12:00:00-08:00,0.0
2050-10-18 16:00:00-08:00,0.0
2050-10-18 20:00:00-08:00,0.0
2050-10-19 00:00:00-08:00,0.0
2050-10-19 04:00:00-08:00,0.0
2050-10-19 08:00:00-08:00,0.0
2050-10-19 12:00:00-08:00,0.0
2050-10-19 16:00:00-08:00,0.0
2050-10-19 20:00:00-08:00,0.0
2050-10-20 00:00:00-08:00,0.0
2050-10-20 04:00:00-08:00,0.0
2050-10-20 08:00:00-08:00,0.0
2050-10-20 12:00:00-08:00,0.0
2050-10-20 16:00:00-08:00,0.0
2050-10-20 20:00:00-08:00,0.0
2050-10-21 00:00:00-08:00,0.0
2050-10-21 04:00:00-08:00,0.0
2050-10-21 08:00:00-08:00,0.0
2050-10-21 12:00:00-08:00,0.0
2050-10-21 16:00:00-08:00,0.0
2050-10-21 20:00:00-08:00,0.0
2050-10-22 00:00:00-08:00,0.0
2050-10-22 04:00:00-08:00,0.0
2050-10-22 08:00:00-08:00,0.0
2050-10-22 12:00:00-08:00,0.0
2050-10-22 16:00:00-08:00,0.0
2050-10-22 20:00:00-08:00,0.0
2050-10-23 00:00:00-08:00,0.0
2050-10-23 04:00:00-08:00,0.0
2050-10-23 08:00:00-08:00,0.0
2050-10-23 12:00:00-08:00,0.0
2050-10-23 16:00:00-08:00,0.0
2050-10-23 20:00:00-08:00,0.0
2050-10-24 00:00:00-08:00,0.0
2050-10-24 04:00:00-08:00,0.0
2050-10-24 08:00:00-08:00,0.0
2050-10-24 12:00:00-08:00,0.0
2050-10-24 16:00:00-08:00,0.0
2050-10-24 20:00:00-08:00,0.0
2050-10-25 00:00:00-08:00,0.0
2050-10-25 04:00:00-08:00,0.0
2050-10-25 08:00:00-08:00,0.0
2050-10-25 12:00:00-08:00,0.0
2050-10-25 16:00:00-08:00,0.0
2050-10-25 20:00:00-08:00,0.0
2050-10-26 00:00:00-08:00,0.0
2050-10-26 04:00:00-08:00,0.0
2050-10-26 08:00:00-08:00,0.0
2050-10-26 12:00:00-08:00,0.0
2050-10-26 16:00:00-08:00,0.0
2050-10-26 20:00:00-08:00,0.0
2050-10-27 00:00:00-08:00,0.0
2050-10-27 04:00:00-08:00,0.0
2050-10-27 08:00:00-08:00,0.0
2050-10-27 12:00:00-08:00,0.0
2050-10-27 16:00:00-08:00,0.0
2050-10-27 20:00:00-08:00,0.0
2050-10-28 00:00:00-08:00,0.0
2050-10-28 04:00:00-08:00,0.0
2050-10-28 08:00:00-08:00,0.0
2050-10-28 12:00:00-08:00,0.0
2050-10-28 16:00:00-08:00,0.0
2050-10-28 20:00:00-08:00,0.0
2050-10-29 00:00:00-08:00,0.0
2050-10-29 04:00:00-08:00,0.0
2050-10-29 08:00:00-08:00,0.0
2050-10-29 12:00:00-08:00,0.0
2050-10-29 16:00:00-08:00,0.0
2050-10-29 20:00:00-08:00,0.0
2050-10-30 00:00:00-08:00,0.0
2050-10-30 04:00:00-08:00,0.0
2050-10-30 08:00:00-08:00,0.0
2050-10-30 12:00:00-08:00,0.0
2050-10-30 16:00:00-08:00,0.0
2050-10-30 20:00:00-08:00,0.0
2050-10-31 00:00:00-08:00,0.0
2050-10-31 04:00:00-08:00,0.0
2050-10-31 08:00:00-08:00,0.0
2050-10-31 12:00:00-08:00,0.0
2050-10-31 16:00:00-08:00,0.0
2050-10-31 20:00:00-08:00,0.0
2050-11-01 00:00:00-08:00,0.0
2050-11-01 04:00:00-08:00,0.0
2050-11-01 08:00:00-08:00,0.0
2050-11-01 12:00:00-08:00,0.0
2050-11-01 16:00:00-08:00,0.0
2050-11-01 20:00:00-08:00,0.0
2050-11-02 00:00:00-08:00,0.0
2050-11-02 04:00:00-08:00,0.0
2050-11-02 08:00:00-08:00,0.0
2050-11-02 12:00:00-08:00,0.0
2050-11-02 16:00:00-08:00,0.0
2050-11-02 20:00:00-08:00,0.0
2050-11-03 00:00:00-08:00,0.0
2050-11-03 04:00:00-08:00,0.0
2050-11-03 08:00:00-08:00,0.0
2050-11-03 12:00:00-08:00,0.0
2050-11-03 16:00:00-08:00,0.0
2050-11-03 20:00:00-08:00,0.0
2050-11-04 00:00:00-08:00,0.0
2050-11-04 04:00:00-08:00,0.0
2050-11-04 08:00:00-08:00,0.0
2050-11-04 12:00:00-08:00,0.0
2050-11-04 16:00:00-08:00,0.0
2050-11-04 20:00:00-08:00,0.0
2050-11-05 00:00:00-08:00,0.0
2050-11-05 04:00:00-08:00,0.0
2050-11-05 08:00:00-08:00,0.0
2050-11-05 12:00:00-08:00,0.0
2050-11-05 16:00:00-08:00,0.0
2050-11-05 20:00:00-08:00,0.0
2050-11-06 00:00:00-08:00,0.0
2050-11-06 04:00:00-08:00,0.0
2050-11-06 08:00:00-08:00,0.0
2050-11-06 12:00:00-08:00,0.0
2050-11-06 16:00:00-08:00,0.0
2050-11-06 20:00:00-08:00,0.0
2050-11-07 00:00:00-08:00,0.0
2050-11-07 04:00:00-08:00,0.0
2050-11-07 08:00:00-08:00,0.0
2050-11-07 12:00:00-08:00,0.0
2050-11-07 16:00:00-08:00,0.0
2050-11-07 20:00:00-08:00,0.0
2050-11-08 00:00:00-08:00,0.0
2050-11-08 04:00:00-08:00,0.0
2050-11-08 08:00:00-08:00,0.0
2050-11-08 12:00:00-08:00,0.0
2050-11-08 16:00:00-08:00,0.0
2050-11-08 20:00:00-08:00,0.0
2050-11-09 00:00:00-08:00,0.0
2050-11-09 04:00:00-08:00,0.0
2050-11-09 08:00:00-08:00,0.0
2050-11-09 12:00:00-08:00,0.0
2050-11-09 16:00:00-08:00,0.0
2050-11-09 20:00:00-08:00,0.0
2050-11-10 00:00:00-08:00,0.0
2050-11-10 04:00:00-08:00,0.0
2050-11-10 08:00:00-08:00,0.0
2050-11-10 12:00:00-08:00,0.0
2050-11-10 16:00:00-08:00,0.0
2050-11-10 20:00:00-08:00,0.0
2050-11-11 00:00:00-08:00,0.0
2050-11-11 04:00:00-08:00,0.0
2050-11-11 08:00:00-08:00,0.0
2050-11-11 12:00:00-08:00,0.0
2050-11-11 16:00:00-08:00,0.0
2050-11-11 20:00:00-08:00,0.0
2050-11-12 00:00:00-08:00,0.0
2050-11-12 04:00:00-08:00,0.0
2050-11-12 08:00:00-08:00,0.0
2050-11-12 12:00:00-08:00,0.0
2050-11-12 16:00:00-08:00,0.0
2050-11-12 20:00:00-08:00,0.0
2050-11-13 00:00:00-08:00,0.0
2050-11-13 04:00:00-08:00,0.0
2050-11-13 08:00:00-08:00,0.0
2050-11-13 12:00:00-08:00,0.0
2050-11-13 16:00:00-08:00,0.0
2050-11-13 20:00:00-08:00,0.0
2050-11-14 00:00:00-08:00,0.0
2050-11-14 04:00:00-08:00,0.0
2050-11-14 08:00:00-08:00,0.0
2050-11-14 12:00:00-08:00,0.0
2050-11-14 16:00:00-08:00,0.0
2050-11-14 20:00:00-08:00,0.0
2050-11-15 00:00:00-08:00,0.0
2050-11-15 04:00:00-08:00,0.0
2050-11-15 08:00:00-08:00,0.0
2050-11-15 12:00:00-08:00,0.0
2050-11-15 16:00:00-08:00,0.0
2050-11-15 20:00:00-08:00,0.0
2050-11-16 00:00:00-08:00,0.0
2050-11-16 04:00:00-08:00,0.0
2050-11-16 08:00:00-08:00,0.0
2050-11-16 12:00:00-08:00,0.0
2050-11-16 16:00:00-08:00,0.0
2050-11-16 20:00:00-08:00,0.0
2050-11-17 00:00:00-08:00,0.0
2050-11-17 04:00:00-08:00,0.0
2050-11-17 08:00:00-08:00,0.0
2050-11-17 12:00:00-08:00,0.0
2050-11-17 16:00:00-08:00,0.0
2050-11-17 20:00:00-08:00,0.0
2050-11-18 00:00:00-08:00,0.0
2050-11-18 04:00:00-08:00,0.0
2050-11-18 08:00:00-08:00,0.0
2050-11-18 12:00:00-08:00,0.0
2050-11-18 16:00:00-08:00,0.0
2050-11-18 20:00:00-08:00,0.0
2050-11-19 00:00:00-08:00,0.0
2050-11-19 04:00:00-08:00,0.0
2050-11-19 08:00:00-08:00,0.0
2050-11-19 12:00:00-08:00,0.0
2050-11-19 16:00:00-08:00,0.0
2050-11-19 20:00:00-08:00,0.0
2050-11-20 00:00:00-08:00,0.0
2050-11-20 04:00:00-08:00,0.0
2050-11-20 08:00:00-08:00,0.0
2050-11-20 12:00:00-08:00,0.0
2050-11-20 16:00:00-08:00,0.0
2050-11-20 20:00:00-08:00,0.0
2050-11-21 00:00:00-08:00,0.0
2050-11-21 04:00:00-08:00,0.0
2050-11-21 08:00:00-08:00,0.0
2050-11-21 12:00:00-08:00,0.0
2050-11-21 16:00:00-08:00,0.0
2050-11-21 20:00:00-08:00,0.0
2050-11-22 00:00:00-08:00,0.0
2050-11-22 04:00:00-08:00,0.0
2050-11-22 08:00:00-08:00,0.0
2050-11-22 12:00:00-08:00,0.0
2050-11-22 16:00:00-08:00,0.0
2050-11-22 20:00:00-08:00,0.0
2050-11-23 00:00:00-08:00,0.0
2050-11-23 04:00:00-08:00,0.0
2050-11-23 08:00:00-08:00,0.0
2050-11-23 12:00:00-08:00,0.0
2050-11-23 16:00:00-08:00,0.0
2050-11-23 20:00:00-08:00,0.0
2050-11-24 00:00:00-08:00,0.0
2050-11-24 04:00:00-08:00,0.0
2050-11-24 08:00:00-08:00,0.0
2050-11-24 12:00:00-08:00,0.0
2050-11-24 16:00:00-08:00,0.0
2050-11-24 20:00:00-08:00,0.0
2050-11-25 00:00:00-08:00,0.0
2050-11-25 04:00:00-08:00,0.0
2050-11-25 08:00:00-08:00,0.0
2050-11-25 12:00:00-08:00,0.0
2050-11-25 16:00:00-08:00,0.0
2050-11-25 20:00:00-08:00,0.0
2050-11-26 00:00:00-08:00,0.0
2050-11-26 04:00:00-08:00,0.0
2050-11-26 08:00:00-08:00,2.236714285714286
2050-11-26 12:00:00-08:00,2.502704761904762
2050-11-26 16:00:00-08:00,2.502704761904762
2050-11-26 20:00:00-08:00,2.502704761904762
2050-11-27 00:00:00-08:00,2.502704761904762
2050-11-27 04:00:00-08:00,2.7065714285714284
2050-11-27 08:00:00-08:00,4.180518571428571
2050-11-27 12:00:00-08:00,6.151213333333333
2050-11-27 16:00:00-08:00,8.148317619047619
2050-11-27 20:00:00-08:00,10.068009047619048
2050-11-28 00:00:00-08:00,10.860509047619047
2050-11-28 04:00:00-08:00,12.148324285714287
2050-11-28 08:00:00-08:00,17.040771904761904
2050-11-28 12:00:00-08:00,21.942576666666668
2050-11-28 16:00:00-08:00,26.832243333333334
2050-11-28 20:00:00-08:00,31.356581428571427
2050-11-29 00:00:00-08:00,35.27748142857143
2050-11-29 04:00:00-08:00,39.90150523809524
2050-11-29 08:00:00-08:00,45.37233380952381
2050-11-29 12:00:00-08:00,50.84434809523809
2050-11-29 16:00:00-08:00,56.209938571428566
2050-11-29 20:00:00-08:00,59.44989904761904
2050-11-30 00:00:00-08:00,61.458708571428566
2050-11-30 04:00:00-08:00,64.8703580952381
2050-11-30 08:00:00-08:00,69.30260142857144
2050-11-30 12:00:00-08:00,73.75354952380953
2050-11-30 16:00:00-08:00,78.11381428571428
2050-11-30 20:00:00-08:00,82.25624952380952
2050-12-01 00:00:00-08:00,83.32960523809524
2050-12-01 04:00:00-08:00,87.07710761904761
2050-12-01 08:00:00-08:00,92.11781619047619
2050-12-01 12:00:00-08:00,97.14527047619048
2050-12-01 16:00:00-08:00,102.12770952380953
2050-12-01 20:00:00-08:00,106.16065476190475
2050-12-02 00:00:00-08:00,108.24875952380953
2050-12-02 04:00:00-08:00,111.86029619047619
2050-12-02 08:00:00-08:00,116.15781142857142
2050-12-02 12:00:00-08:00,120.45532666666665
2050-12-02 16:00:00-08:00,124.7352138095238
2050-12-02 20:00:00-08:00,128.8215161904762
2050-12-03 00:00:00-08:00,131.47008857142856
2050-12-03 04:00:00-08:00,135.13301380952382
2050-12-03 08:00:00-08:00,137.52724476190474
2050-12-03 12:00:00-08:00,141.68060904761904
2050-12-03 16:00:00-08:00,146.09907380952382
2050-12-03 20:00:00-08:00,150.30683333333334
2050-12-04 00:00:00-08:00,151.6319619047619
2050-12-04 04:00:00-08:00,155.2901176190476
2050-12-04 08:00:00-08:00,159.50345619047616
2050-12-04 12:00:00-08:00,163.16457571428572
2050-12-04 16:00:00-08:00,166.54932380952383
2050-12-04 20:00:00-08:00,169.75817047619046
2050-12-05 00:00:00-08:00,172.6542961904762
2050-12-05 04:00:00-08:00,175.45691428571428
2050-12-05 08:00:00-08:00,178.07793333333333
2050-12-05 12:00:00-08:00,180.68959523809525
2050-12-05 16:00:00-08:00,183.3022
2050-12-05 20:00:00-08:00,185.38974285714286
2050-12-06 00:00:00-08:00,184.22294047619047
2050-12-06 04:00:00-08:00,186.02790714285715
2050-12-06 08:00:00-08:00,188.51134047619047
2050-12-06 12:00:00-08:00,191.0338976190476
2050-12-06 16:00:00-08:00,193.58460714285715
2050-12-06 20:00:00-08:00,197.5300657142857
2050-12-07 00:00:00-08:00,201.66838
2050-12-07 04:00:00-08:00,205.18487333333334
2050-12-07 08:00:00-08:00,208.7855157142857
2050-12-07 12:00:00-08:00,212.3698961904762
2050-12-07 16:00:00-08:00,215.72640904761903
2050-12-07 20:00:00-08:00,218.2907657142857
2050-12-08 00:00:00-08:00,220.8383304761905
2050-12-08 04:00:00-08:00,223.43146619047621
2050-12-08 08:00:00-08:00,227.389620952381
2050-12-08 12:00:00-08:00,231.36103000000003
2050-12-08 16:00:00-08:00,235.0964980952381
2050-12-08 20:00:00-08:00,238.80994714285714
2050-12-09 00:00:00-08:00,242.56397095238094
2050-12-09 04:00:00-08:00,246.11986666666667
2050-12-09 08:00:00-08:00,250.22426000000002
2050-12-09 12:00:00-08:00,254.36094
2050-12-09 16:00:00-08:00,258.4933385714286
2050-12-09 20:00:00-08:00,261.19788857142856
2050-12-10 00:00:00-08:00,263.2804344540924
2050-12-10 04:00:00-08:00,265.7894915969495
2050-12-10 08:00:00-08:00,268.98535112075905
2050-12-10 12:00:00-08:00,272.34681445409234
2050-12-10 16:00:00-08:00,275.67747350171146
2050-12-10 20:00:00-08:00,278.54580302552097
2050-12-11 00:00:00-08:00,283.7896539779019
2050-12-11 04:00:00-08:00,287.05624112075907
2050-12-11 08:00:00-08:00,289.75122207314
2050-12-11 12:00:00-08:00,292.16937921599714
2050-12-11 16:00:00-08:00,294.72151969218766
2050-12-11 20:00:00-08:00,296.29169921599714
2050-12-12 00:00:00-08:00,298.0387525493305
2050-12-12 04:00:00-08:00,300.5385287398066
2050-12-12 08:00:00-08:00,302.52404207314
2050-12-12 12:00:00-08:00,304.5152887398067
2050-12-12 16:00:00-08:00,306.51025207314
2050-12-12 20:00:00-08:00,309.02107302552093
2050-12-13 00:00:00-08:00,314.34706207314
2050-12-13 04:00:00-08:00,316.6771325493305
2050-12-13 08:00:00-08:00,319.13977064456856
2050-12-13 12:00:00-08:00,321.7091896921876
2050-12-13 16:00:00-08:00,324.62593731123525
2050-12-13 20:00:00-08:00,326.37876112075907
2050-12-14 00:00:00-08:00,328.09939588266377
2050-12-14 04:00:00-08:00,329.76441016837805
2050-12-14 08:00:00-08:00,331.8715815969495
2050-12-14 12:00:00-08:00,334.0293244540924
2050-12-14 16:00:00-08:00,336.2949087398067
2050-12-14 20:00:00-08:00,338.53533112075905
2050-12-15 00:00:00-08:00,343.3808773112352
2050-12-15 04:00:00-08:00,345.76076302552093
2050-12-15 08:00:00-08:00,347.0188615969495
2050-12-15 12:00:00-08:00,348.27462207314
2050-12-15 16:00:00-08:00,349.78311969218765
2050-12-15 20:00:00-08:00,351.1631777874257
2050-12-16 00:00:00-08:00,354.06025873980667
2050-12-16 04:00:00-08:00,356.1039406445686
2050-12-16 08:00:00-08:00,358.4561463588543
2050-12-16 12:00:00-08:00,360.8090654064733
2050-12-16 16:00:00-08:00,363.155713025521
2050-12-16 20:00:00-08:00,364.8462344540924
2050-12-17 00:00:00-08:00,366.9576266666666
2050-12-17 04:00:00-08:00,368.87667523809523
2050-12-17 08:00:00-08:00,371.74383714285716
2050-12-17 12:00:00-08:00,374.6472
2050-12-17 16:00:00-08:00,377.47703809523813
2050-12-17 20:00:00-08:00,380.00630619047615
2050-12-18 00:00:00-08:00,382.3433885714286
2050-12-18 04:00:00-08:00,384.30084095238095
2050-12-18 08:00:00-08:00,386.97395523809524
2050-12-18 12:00:00-08:00,390.03184095238095
2050-12-18 16:00:00-08:00,393.1377909523809
2050-12-18 20:00:00-08:00,396.40437333333335
2050-12-19 00:00:00-08:00,400.24065142857137
2050-12-19 04:00:00-08:00,403.1034133333333
2050-12-19 08:00:00-08:00,404.4712952380952
2050-12-19 12:00:00-08:00,405.8039580952381
2050-12-19 16:00:00-08:00,407.08618523809525
2050-12-19 20:00:00-08:00,406.28680714285707
2050-12-20 00:00:00-08:00,403.34404523809525
2050-12-20 04:00:00-08:00,402.03288904761905
2050-12-20 08:00:00-08:00,400.6738652380953
2050-12-20 12:00:00-08:00,399.15545095238093
2050-12-20 16:00:00-08:00,397.05719380952377
2050-12-20 20:00:00-08:00,395.2313509523809
2050-12-21 00:00:00-08:00,391.2510142857143
2050-12-21 04:00:00-08:00,389.32769047619047
2050-12-21 08:00:00-08:00,386.90959047619043
2050-12-21 12:00:00-08:00,384.45842857142856
2050-12-21 16:00:00-08:00,381.7541476190476
2050-12-21 20:00:00-08:00,378.56494571428567
2050-12-22 00:00:00-08:00,373.20391714285716
2050-12-22 04:00:00-08:00,370.15682
2050-12-22 08:00:00-08:00,370.3694247619048
2050-12-22 12:00:00-08:00,370.9682676190476
2050-12-22 16:00:00-08:00,371.63281047619046
2050-12-22 20:00:00-08:00,372.48877238095235
2050-12-23 00:00:00-08:00,371.67005809523806
2050-12-23 04:00:00-08:00,372.0566152380952
2050-12-23 08:00:00-08:00,372.67292476190477
2050-12-23 12:00:00-08:00,373.24724857142854
2050-12-23 16:00:00-08:00,373.7004961904762
2050-12-23 20:00:00-08:00,375.62901761904766
2050-12-24 00:00:00-08:00,378.6255880952381
2050-12-24 04:00:00-08:00,380.5531904761905
2050-12-24 08:00:00-08:00,381.30889047619047
2050-12-24 12:00:00-08:00,382.0884904761905
2050-12-24 16:00:00-08:00,382.6838523809524
2050-12-24 20:00:00-08:00,382.8479476190476
2050-12-25 00:00:00-08:00,382.2572285714286
2050-12-25 04:00:00-08:00,383.0043619047619
2050-12-25 08:00:00-08:00,383.07432857142857
2050-12-25 12:00:00-08:00,383.0900095238095
2050-12-25 16:00:00-08:00,383.1457238095239
2050-12-25 20:00:00-08:00,381.6214380952381
2050-12-26 00:00:00-08:00,379.8411095238095
2050-12-26 04:00:00-08:00,378.5630095238095
2050-12-26 08:00:00-08:00,377.22401904761904
2050-12-26 12:00:00-08:00,375.9145142857143
2050-12-26 16:00:00-08:00,374.64636666666667
2050-12-26 20:00:00-08:00,375.05678095238096
2050-12-27 00:00:00-08:00,374.9247114285714
2050-12-27 04:00:00-08:00,375.66444476190475
2050-12-27 08:00:00-08:00,376.08687333333336
2050-12-27 12:00:00-08:00,375.99352390243905
2050-12-27 16:00:00-08:00,376.221832
2050-12-27 20:00:00-08:00,378.209037948718
2050-12-28 00:00:00-08:00,383.86528315789474
2050-12-28 04:00:00-08:00,386.6688583783784
2050-12-28 08:00:00-08:00,388.40071000000006
2050-12-28 12:00:00-08:00,390.20758171428577
2050-12-28 16:00:00-08:00,392.69370470588234
2050-12-28 20:00:00-08:00,397.2651345454546
2050-12-29 00:00:00-08:00,405.6037825
2050-12-29 04:00:00-08:00,411.00119741935487
2050-12-29 08:00:00-08:00,410.04384400000004
2050-12-29 12:00:00-08:00,408.4644731034483
2050-12-29 16:00:00-08:00,406.7160685714286
2050-12-29 20:00:00-08:00,406.25142666666665
2050-12-30 00:00:00-08:00,409.0818353846154
2050-12-30 04:00:00-08:00,409.32102080000004
2050-12-30 08:00:00-08:00,406.47782166666667
2050-12-30 12:00:00-08:00,403.4037965217392
2050-12-30 16:00:00-08:00,400.33526
2050-12-30 20:00:00-08:00,398.5790533333334
